{
  "author-primary": {
    "packages": [
    ]
  },
  "author-dispatcher": {
    "artifacts": [
      {
        "name": "aem-author-dispatcher-enable-crxde",
        "source": "s3://aem-opencloud/library/aem-helloworld-author-dispatcher-enable-crxde-1.0.0.zip"
      }
    ]
  },
  "publish": {
    "packages": [
    ]
  },
  "publish-dispatcher": {
    "artifacts": [
      {
        "name": "aem-publish-dispatcher-enable-crxde",
        "source": "s3://aem-opencloud/library/aem-helloworld-publish-dispatcher-enable-crxde-1.0.0.zip"
      }
    ]
  }
}
