{
  "author-primary": {
    "packages": [
      {
        "group": "shinesolutions",
        "name": "aem-helloworld",
        "filter": [
          {
            "root": "/apps/helloworld",
            "rules": []
          },
          {
            "root": "/content/helloworld",
            "rules": [
              {
                "modifier": "exclude",
                "pattern": ".*.\\d*\\.\\d*\\.(png|jpeg|gif)"
              }
            ]
          },
          {
            "root": "/etc/designs/helloworld",
            "rules": []
          }
        ]
      }
    ]
  },
  "publish": {
    "packages": [
      {
        "group": "shinesolutions",
        "name": "aem-helloworld",
        "filter": [
          {
            "root": "/apps/helloworld",
            "rules": []
          },
          {
            "root": "/content/helloworld",
            "rules": [
              {
                "modifier": "exclude",
                "pattern": ".*.\\d*\\.\\d*\\.(png|jpeg|gif)"
              }
            ]
          },
          {
            "root": "/etc/designs/helloworld",
            "rules": []
          }
        ],
        "aem_id": "publish"
      }
    ]
  }
}
