{
	"pageTitle" : "Summit Seekers Blog",
	"header" : {
		"logoLink" : {
			"link": "#",
			"logo": {
				"company": {
					"name": "HikeTracker"
				},
				"style": "c-logo-link__img"
			}
		},
		"primaryNav" : {
			"items" : [{"link" : "#", "label" : "About"}, {"link" : "#", "label" : "Blog"}, {"link" : "#", "label" : "Contact"}, {"link" : "#", "label" : "Login"}]
		},
		"search" : {
			"label" :"Search the site",
			"placeholder" :"Search the site"
		},
		"menuLabel" : "Menu",
		"searchLabel" : "Search"
	},
	"latestPosts" : {
		"mediaList" : [
			{
				"link" : "#",
				"img" : {
					"src": "/etc/designs/patternlab-demo/clientlib/images/sample/blog-mtns3.jpg",
					"alt": "red mountains"
				},
				"headline" : "Hardest Hikes in the World",
				"excerpt" : "The world delivers a multitude of daunting hikes. How difficult? We have listed some of the most strenuous hikes in the world."
			},
			{
				"link" : "#",
				"img" : {
					"src": "/etc/designs/patternlab-demo/clientlib/images/sample/blog-trees.jpg",
					"alt": "road with trees"
				},
				"headline" : "How to Survive in the Woods",
				"excerpt" : "Picture yourself alone in the wilderness with only a backpack full of your belongings for 2 weeks. Here are some tips and suggestions on how to survive the hazards that Mother Nature has to offer."
			},
			{
				"link" : "#",
				"img" : {
					"src": "/etc/designs/patternlab-demo/clientlib/images/sample/blog-mtns2.jpg",
					"alt": "mountain and lake"
				},
				"headline" : "Top 10 Best Locations to Hike in the U.S.",
				"excerpt" : "You do not have to travel far to explore what nature has to offer. The U.S. contains some of the best sights in the world and we have listed the 10 best for you."
			},
			{
				"link" : "#",
				"img" : {
					"src": "/etc/designs/patternlab-demo/clientlib/images/sample/blog-mtns.jpg",
					"alt": "mountain range"
				},
				"headline" : "Where to Find Hiking Equipment",
				"excerpt" : "In order to scale some of the tallest mountains or ford some of the largest rivers, you will need the best equipment out there. Here is a list of places to find the best hiking equipment."
			},
			{
				"link" : "#",
				"img" : {
					"src": "/etc/designs/patternlab-demo/clientlib/images/sample/blog-trees2.jpg",
					"alt": "forest of trees"
				},
				"headline" : "What to Do During a Sasquatch Attack",
				"excerpt" : "The mythical creature is out in the woods somewhere. It may be tame or be ready to attack, and the best way to defend yourself is to be prepared. Here are some tips on how to do so."
			},
			{
				"link" : "#",
				"img" : {
					"src": "/etc/designs/patternlab-demo/clientlib/images/sample/blog-hiker.jpg",
					"alt": "hiker with backpack"
				},
				"headline" : "Top 10 Worst People to Hike With",
				"excerpt" : "Ever go on a hike with someone who doesn't want to be there? We have compiled a list of the top 10 worst people to go on a hike with."
			}
		],
		"pagination" : {
			"items" : [
				{
					"link" : "#"
				},
				{
					"link" : "#"
				},
				{
					"link" : "#"
				},
				{
					"link" : "#"
				},
				{
					"link" : "#"
				},
				{
					"link" : "#"
				},
				{
					"link" : "#"
				},
				{
					"link" : "#"
				},
				{
					"link" : "#"
				},
				{
					"link" : "#"
				},
				{
					"link" : "#"
				},
				{
					"link" : "#"
				}
			]			
		},
		"textButton" : {
			"class" : "",
			"text" : "View All Posts",
			"link" : "#"
		}
	},
	"featuredPeople" : {
		"sectionTitle" : "Featured Hikers",
		"mediaList": [
			{
				"link" : "",
				"style" : "small",
				"img" : {
					"src": "/etc/designs/patternlab-demo/clientlib/images/sample/avatar4.jpg",
					"alt": "avatar"
				},
				"headline" : "Danny DeVito",
				"excerpt" : "Neptune Township, NJ"
			},
			{
				"link" : "",
				"style" : "small",
				"img" : {
					"src": "/etc/designs/patternlab-demo/clientlib/images/sample/avatar6.jpg",
					"alt": "avatar"
				},
				"headline" :  "Sally Jessy Raphael",
				"excerpt"  : "Easton, PA"
			},
			{
				"link" : "",
				"style" : "small",
				"img" : {
					"src": "/etc/designs/patternlab-demo/clientlib/images/sample/avatar5.jpg",
					"alt": "avatar"
				},
				"headline" : "Charlie Chaplin",
				"excerpt"  : "London, UK"
			}
		],
		"textButton" : {
			"class" : "",
			"text" : "View All Hikers",
			"link" : "#"
		}
	},
	"featuredHikes" : {
		"sectionTitle" : "Featured Mountains",
		"mediaList": [
			{
				"link" : "",
				"style" : "small",
				"img" : {
					"src": "/etc/designs/patternlab-demo/clientlib/images/sample/blog-mtns.jpg",
					"alt": "avatar"
				},
				"headline" : "Great Smoky Mountains",
				"excerpt"  : "North Carolina"
			},
			{
				"link" : "",
				"style" : "small",
				"img" : {
					"src": "/etc/designs/patternlab-demo/clientlib/images/sample/blog-mtns2.jpg",
					"alt": "mountains"
				},
				"headline" : "Mt. Rainier",
				"excerpt"  : "Washington"
			},
			{
				"link" : "",
				"style" : "small",
				"img" : {
					"src": "/etc/designs/patternlab-demo/clientlib/images/sample/blog-mtns3.jpg",
					"alt": "mountains"
				},
				"headline" : "Mt. Washington",
				"excerpt"  : "New Hampshire"
			}
		],
		"textButton" : {
			"class" : "",
			"text" : "View All Hikers",
			"link" : "#"
		}
	},
	"footer" : {
		"logofooterlink" : {
			"link": "#",
			"logo": {
				"company": {
					"name": "HikeTracker"
				},
				"style": "c-logo-footer-link__img"
			}
		},
		"footernav" : {
			"items" : [{"link" : "#", "label" : "About"}, {"link" : "#", "label" : "Blog"}, {"link" : "#", "label" : "Contact"}, {"link" : "#", "label" : "Login"}]
		},
		"info" : "This is a demonstration of what's possible with <a href=\"http://patternlab.io\" rel=\"external\">Pattern Lab</a>. <a href=\"http://patternlab.io/download.html\">Download Pattern Lab</a>, check out the <a href=\"http://patternlab.io/docs/\">documentation</a>, or learn more about <a href=\"http://atomicdesign.bradfrost.com/\">atomic design</a>.",
		"year" : "2017",
		"company" : {
			"name" : "HikeTracker"
		}
	}
}
