{
  "header" : {
    "logoLink" : {
      "link": "#",
      "logo": {
        "company": {
          "name": "HikeTracker"
        },
        "style": "c-logo-link__img"
      }
    },
    "primaryNav" : {
      "items" : [{"link" : "#", "label" : "About"}, {"link" : "#", "label" : "Blog"}, {"link" : "#", "label" : "Contact"}, {"link" : "#", "label" : "Login"}]
    },
    "search" : {
      "label" :"Search the site",
      "placeholder" :"Search the site"
    },
    "menuLabel" : "Menu",
    "searchLabel" : "Search"
  },
  "hero": {
    "img": {
      "src": "/etc/designs/patternlab-demo/clientlib/images/sample/hero-forest.jpg",
      "alt": "Forest"
    },
    "headline": "Track your hikes. Challenge your friends. Get out there and start exploring."
  },
  "toutList": [
    {
      "link": "#",
      "headline": "Best winter hikes around the world",
      "img": {
        "src": "/etc/designs/patternlab-demo/clientlib/images/sample/tout-winter-hiker.jpg",
        "alt": "Hiker with back pack walking in snow"
      }
    },
    {
      "link": "link.pages-login",
      "headline": "Sign in to view your dashboard",
      "img": {
        "src": "/etc/designs/patternlab-demo/clientlib/images/sample/tout-leaves.jpg",
        "alt": "Green Leaves"
      }
    },
    {
      "link": "link.pages-about",
      "headline": "Learn about our mission",
      "img": {
        "src": "/etc/designs/patternlab-demo/clientlib/images/sample/tout-mountains.jpg",
        "alt": "Mountain"
      }
    }
  ],
  "latestPosts": {
    "sectionTitle": "Latest From the Blog",
    "mediaList": [
    {
      "link": "#",
      "img": {
        "src": "/etc/designs/patternlab-demo/clientlib/images/sample/blog-mtns3.jpg",
        "alt": "red mountains"
      },
      "headline": "Hardest Hikes in the World",
      "excerpt" : "The world delivers a multitude of daunting hikes. How difficult? We have listed some of the most strenuous hikes in the world."
    },
    {
      "link": "#",
      "img": {
        "src": "/etc/designs/patternlab-demo/clientlib/images/sample/blog-trees.jpg",
        "alt": "road with trees"
      },
      "headline": "How to Survive in the Woods",
      "excerpt"  : "Picture yourself alone in the wilderness with only a backpack full of your belongings for 2 weeks. Here are some tips and suggestions on how to survive the hazards that Mother Nature has to offer."
    },
    {
      "link": "#",
      "img": {
        "src": "/etc/designs/patternlab-demo/clientlib/images/sample/blog-mtns2.jpg",
        "alt": "mountain and lake"
      },
      "headline": "Top 10 Best Locations to Hike in the U.S.",
      "excerpt" : "You do not have to travel far to explore what nature has to offer. The U.S. contains some of the best sights in the world and we have listed the 10 best for you."
    }
    ],
    "text": "View All Posts"
  },
  "featuredPeople": {
    "sectionTitle": "Featured Hikers",
    "mediaList": [
    {
      "link": "",
      "style": "small",
      "img": {
        "src": "/etc/designs/patternlab-demo/clientlib/images/sample/avatar1.jpg",
        "alt": "avatar"
      },
      "headline": "Jimmy Stewart",
      "excerpt" : "Indiana, PA"
    },
    {
      "link": "",
      "style": "small",
      "img": {
        "src": "/etc/designs/patternlab-demo/clientlib/images/sample/avatar2.jpg",
        "alt": "avatar"
      },
      "headline": "Janice Kimble",
      "excerpt" : "Los Angeles, CA"
    },
    {
      "link": "",
      "style": "small",
      "img": {
        "src": "/etc/designs/patternlab-demo/clientlib/images/sample/avatar3.jpg",
        "alt": "avatar"
      },
      "headline": "Salvadore Dali XIV",
      "excerpt" : "Sheboygan, WI"
    }
    ],
    "text": "View All Hikers"
  },
  "footer" : {
    "logofooterlink" : {
      "link": "#",
      "logo": {
        "company": {
          "name": "HikeTracker"
        },
        "style": "c-logo-footer-link__img"
      }
    },
    "footernav" : {
      "items" : [{"link" : "#", "label" : "About"}, {"link" : "#", "label" : "Blog"}, {"link" : "#", "label" : "Contact"}, {"link" : "#", "label" : "Login"}]
    },
    "info" : "This is a demonstration of what's possible with <a href=\"http://patternlab.io\" rel=\"external\">Pattern Lab</a>. <a href=\"http://patternlab.io/download.html\">Download Pattern Lab</a>, check out the <a href=\"http://patternlab.io/docs/\">documentation</a>, or learn more about <a href=\"http://atomicdesign.bradfrost.com/\">atomic design</a>.",
    "year" : "2017",
    "company" : {
      "name" : "HikeTracker"
    }
  }
}
