<?xml version="1.0" encoding="UTF-8"?>
<jcr:root xmlns:sling="http://sling.apache.org/jcr/sling/1.0" xmlns:cq="http://www.day.com/jcr/cq/1.0" xmlns:jcr="http://www.jcp.org/jcr/1.0" xmlns:nt="http://www.jcp.org/jcr/nt/1.0"
    jcr:primaryType="nt:unstructured"
    jcr:title="Page"
    sling:resourceType="cq/gui/components/authoring/dialog"
    extraClientlibs="[cq.common.wcm,cq.siteadmin.admin.properties]"
    mode="edit">
    <content
        jcr:primaryType="nt:unstructured"
        sling:resourceType="granite/ui/components/foundation/container">
        <items jcr:primaryType="nt:unstructured">
            <columns
                jcr:primaryType="nt:unstructured"
                sling:resourceType="granite/ui/components/foundation/container">
                <layout
                    jcr:primaryType="nt:unstructured"
                    sling:resourceType="granite/ui/components/foundation/layouts/fixedcolumns"
                    margin="{Boolean}false"/>
                <items jcr:primaryType="nt:unstructured">
                    <thumbnail
                        jcr:primaryType="nt:unstructured"
                        sling:resourceType="cq/gui/components/common/wcm/folderthumbnail"
                        path="${empty param.item ? requestPathInfo.suffix : param.item}"/>
                    <props
                        jcr:primaryType="nt:unstructured"
                        sling:resourceType="granite/ui/components/foundation/container">
                        <items jcr:primaryType="nt:unstructured">
                            <properties
                                jcr:primaryType="nt:unstructured"
                                sling:resourceType="granite/ui/components/foundation/form/fieldset">
                                <items jcr:primaryType="nt:unstructured">
                                    <title
                                        jcr:primaryType="nt:unstructured"
                                        sling:resourceType="granite/ui/components/foundation/form/textfield"
                                        cq-msm-lockable="jcr:title"
                                        disabled="{Boolean}true"
                                        fieldLabel="Title"
                                        name="jcr:title"
                                        renderReadOnly="{Boolean}true"
                                        required="{Boolean}true"/>
                                    <id
                                        jcr:primaryType="nt:unstructured"
                                        sling:resourceType="granite/ui/components/foundation/form/textfield"
                                        cq-msm-lockable="cifId"
                                        disabled="{Boolean}true"
                                        fieldLabel="Category ID"
                                        name="cifId"
                                        renderReadOnly="{Boolean}true"
                                        required="{Boolean}true"/>
                                </items>
                            </properties>
                        </items>
                    </props>
                </items>
            </columns>
        </items>
    </content>
</jcr:root>
