<?xml version="1.0" encoding="UTF-8"?>
<jcr:root xmlns:sling="http://sling.apache.org/jcr/sling/1.0" xmlns:cq="http://www.day.com/jcr/cq/1.0" xmlns:jcr="http://www.jcp.org/jcr/1.0" xmlns:nt="http://www.jcp.org/jcr/nt/1.0"
    jcr:primaryType="cq:Page">
    <jcr:content
        cq:tags="[]"
        cq:template="/conf/aem-site-template-standard/settings/wcm/templates/xf-web-variation"
        cq:xfMasterVariation="{Boolean}true"
        cq:xfVariantType="web"
        jcr:primaryType="cq:PageContent"
        jcr:title="Header"
        sling:resourceType="cq/experience-fragments/components/xfpage">
        <root
            id="main-header"
            jcr:primaryType="nt:unstructured"
            sling:resourceType="core/wcm/components/container/v1/container"
            layout="responsiveGrid">
            <image
                jcr:primaryType="nt:unstructured"
                sling:resourceType="core/wcm/components/image/v2/image"
                fileReference="/content/dam/aem-site-template-standard/Group 3458@2x.png">
                <cq:responsive jcr:primaryType="nt:unstructured">
                    <default
                        jcr:primaryType="nt:unstructured"
                        offset="1"
                        width="1"/>
                </cq:responsive>
            </image>
            <navigation
                jcr:primaryType="nt:unstructured"
                sling:resourceType="core/wcm/components/navigation/v1/navigation"
                collectAllPages="true"
                disableShadowing="false"
                navigationRoot="/content/aem-site-template-standard/en"
                structureDepth="1"
                structureStart="1">
                <cq:responsive jcr:primaryType="nt:unstructured">
                    <default
                        jcr:primaryType="nt:unstructured"
                        offset="0"
                        width="5"/>
                </cq:responsive>
            </navigation>
            <search
                jcr:primaryType="nt:unstructured"
                sling:resourceType="core/wcm/components/search/v1/search">
                <cq:responsive jcr:primaryType="nt:unstructured">
                    <default
                        jcr:primaryType="nt:unstructured"
                        offset="0"
                        width="2"/>
                </cq:responsive>
            </search>
            <languagenavigation
                jcr:primaryType="nt:unstructured"
                sling:resourceType="core/wcm/components/languagenavigation/v1/languagenavigation"
                navigationRoot="/content/aem-site-template-standard"
                structureDepth="1">
                <cq:responsive jcr:primaryType="nt:unstructured">
                    <default
                        jcr:primaryType="nt:unstructured"
                        offset="0"
                        width="2"/>
                </cq:responsive>
            </languagenavigation>
        </root>
    </jcr:content>
</jcr:root>
