<configuration>

    <!-- defined a console append -->
    <appender name="STDOUT" class="ch.qos.logback.core.ConsoleAppender">
        <encoder>
            <pattern>%d{HH:mm:ss.SSS} [%.15thread] %-5level %logger{36}:%line - %msg%n</pattern>
        </encoder>
    </appender>

    <!-- log all Bundle events -->
    <!-- 
    <logger name="Events.Bundle" level="TRACE"/>
     -->
     
     <logger name="org.apache" level="INFO"/>
     

    <root level="INFO">
        <appender-ref ref="STDOUT" />
    </root>
</configuration>
