<?xml version="1.0" encoding="UTF-8"?>
<jcr:root xmlns:sling="http://sling.apache.org/jcr/sling/1.0" xmlns:cq="http://www.day.com/jcr/cq/1.0" xmlns:jcr="http://www.jcp.org/jcr/1.0"
          jcr:primaryType="cq:Page">
    <jcr:content
        jcr:primaryType="cq:PageContent"
        jcr:title="DX Documentation"
        cq:template="/conf/dx-docs/settings/wcm/templates/content-page-template"
        sling:resourceType="dx-docs/components/structure/page">
        <root jcr:primaryType="nt:unstructured"
              sling:resourceType="wcm/foundation/components/responsivegrid">
            <content jcr:primaryType="nt:unstructured"
                     sling:resourceType="wcm/foundation/components/responsivegrid">
                <flex jcr:primaryType="nt:unstructured"
                    borderAllColor="red"
                    borderAllStyle="solid"
                    borderAllRadius="{Long}3"
                    borderRadius="all"
                    borderSides="all"
                    sling:resourceType="dx/structure/components/flex"
                    inheritDesktop="{Boolean}true"
                    inheritTablet="{Boolean}true"
                    shadowColor="red"
                    marginLeftDesktop="{Long}100"
                    marginRightDesktop="{Long}100"
                    gap="{Long}2"
                    focusX="{Long}30"
                    minHeight="custom"
                    minHeightType="vh"
                    minHeightValue="{Long}60"
                    focusY="{Long}30"
                    foregroundColor="white"
                    gradient="red"
                    justification="JustifyStretch">
                    <items jcr:primaryType="nt:unstructured"
                           sling:resourceType="dx/structure/components/parlite">
                        <text jcr:primaryType="nt:unstructured"
                              sling:resourceType="core/wcm/components/text/v2/text"
                                text="&lt;h1&gt;Hello&lt;/h1&gt;"
                                textIsRich="true"/>
                        <text1 jcr:primaryType="nt:unstructured"
                              sling:resourceType="core/wcm/components/text/v2/text"
                              text="&lt;h1&gt;World!&lt;/h1&gt;"
                              textIsRich="true"/>
                    </items>
                    <definitions jcr:primaryType="nt:unstructured">
                        <item0 jcr:primaryType="nt:unstructured"
                               minHeight="custom"
                               minHeightValue="60"
                               minHeightType="%"
                               width="custom"
                               customWidthValue="60"
                               customWidthType="%"/>
                        <item1 jcr:primaryType="nt:unstructured"
                               minHeight="auto"
                               width="auto"/>
                    </definitions>
                    <definitionsDesktop jcr:primaryType="nt:unstructured">
                        <item0 jcr:primaryType="nt:unstructured"
                               minHeight="auto"
                               width="auto"/>
                        <item1 jcr:primaryType="nt:unstructured"
                               minHeight="custom"
                               minHeightValue="60"
                               minHeightType="vh"
                               width="custom"
                               customWidthValue="60"
                               customWidthType="%"/>
                    </definitionsDesktop>
                </flex>
            </content>
        </root>
    </jcr:content>
</jcr:root>