<?xml version="1.0" encoding="UTF-8"?>
<features xmlns="http://karaf.apache.org/xmlns/features/v1.3.0" name="osgibp-${project.version}">

    <repository>mvn:org.apache.aries.jax.rs/org.apache.aries.jax.rs.features/1.0.8/xml</repository>

    <feature name="osgibp-backend" version="${project.version}">

        <bundle start-level="30">mvn:org.ops4j.pax.logging/pax-logging-service/1.11.4</bundle>
        <bundle start-level="30">mvn:org.ops4j.pax.logging/pax-logging-logback/1.11.4</bundle>
        <feature>felix-http</feature>
        <bundle>mvn:org.apache.servicemix.specs/org.apache.servicemix.specs.activation-api-1.1/2.9.0</bundle>
        <bundle>mvn:jakarta.xml.bind/jakarta.xml.bind-api/2.3.2</bundle>
        <bundle>mvn:org.apache.servicemix.specs/org.apache.servicemix.specs.saaj-api-1.3/2.9.0</bundle>
        <bundle>mvn:org.apache.servicemix.specs/org.apache.servicemix.specs.jaxws-api-2.2/2.9.0</bundle>
        <bundle>mvn:org.apache.aries.spec/org.apache.aries.javax.jax.rs-api/1.0.1</bundle>
        <bundle>mvn:org.osgi/org.osgi.util.function/1.1.0</bundle>
        <bundle>mvn:org.osgi/org.osgi.util.promise/1.1.0</bundle>
        <bundle>mvn:org.osgi/org.osgi.service.jaxrs/1.0.0</bundle>
        <bundle>mvn:org.apache.servicemix.specs/org.apache.servicemix.specs.annotation-api-1.3/1.3_1</bundle>
        <bundle>mvn:org.apache.aries.jax.rs/org.apache.aries.jax.rs.whiteboard/1.0.8</bundle>
        <feature>pax-http</feature>
        <feature>aries-jax-rs-whiteboard-jackson</feature>
        <bundle>mvn:javax.annotation/javax.annotation-api/1.3.2</bundle>
        <bundle>mvn:org.yaml/snakeyaml/1.25</bundle>
        <bundle>mvn:com.fasterxml.jackson.dataformat/jackson-dataformat-yaml/2.9.6</bundle>
        <bundle>mvn:com.fasterxml.jackson.datatype/jackson-datatype-jsr310/2.9.6</bundle>
        <bundle>mvn:org.apache.felix/org.apache.felix.configurator/1.0.8</bundle>
        <bundle>mvn:io.dropwizard.metrics/metrics-core/3.2.6</bundle>
        <bundle>mvn:io.prometheus/simpleclient/0.8.1</bundle>
        <bundle>mvn:io.prometheus/simpleclient_dropwizard/0.8.1</bundle>
        <bundle>mvn:io.prometheus/simpleclient_common/0.8.1</bundle>
        <bundle>mvn:io.prometheus/simpleclient_servlet/0.8.1</bundle>
        <bundle>mvn:javax.validation/validation-api/1.1.0.Final</bundle>
        <bundle>mvn:org.apache.commons/commons-lang3/3.9</bundle>
        <bundle>mvn:io.github.classgraph/classgraph/4.6.32</bundle>
        <bundle>mvn:org.javassist/javassist/3.25.0-GA</bundle>
        <bundle>mvn:io.swagger.core.v3/swagger-annotations/2.0.10</bundle>
        <bundle>mvn:io.swagger.core.v3/swagger-models/2.0.10</bundle>
        <bundle>mvn:io.swagger.core.v3/swagger-core/2.0.10</bundle>
        <bundle>mvn:io.swagger.core.v3/swagger-integration/2.0.10</bundle>
        <bundle>mvn:io.swagger.core.v3/swagger-jaxrs2/2.0.10</bundle>
        <bundle>mvn:net.lr.osgibp/net.lr.osgibp.backend/${project.version}</bundle>
    </feature>

</features>