<?xml version="1.0" encoding="UTF-8"?>
<!--~~~~~~~~~~~~~~~~~~~~~~~~~~~~~~~~~~~~~~~~~~~~~~~~~~~~~~~~~~~~~~~~~~~~~~~~~~~~
  ~ Copyright 2016 Adobe Systems Incorporated
  ~
  ~ Licensed under the Apache License, Version 2.0 (the "License");
  ~ you may not use this file except in compliance with the License.
  ~ You may obtain a copy of the License at
  ~
  ~     http://www.apache.org/licenses/LICENSE-2.0
  ~
  ~ Unless required by applicable law or agreed to in writing, software
  ~ distributed under the License is distributed on an "AS IS" BASIS,
  ~ WITHOUT WARRANTIES OR CONDITIONS OF ANY KIND, either express or implied.
  ~ See the License for the specific language governing permissions and
  ~ limitations under the License.
  ~~~~~~~~~~~~~~~~~~~~~~~~~~~~~~~~~~~~~~~~~~~~~~~~~~~~~~~~~~~~~~~~~~~~~~~~~~~-->
<workspaceFilter version="1.0">
    <filter root="/libs/commerce/config">
        <include pattern="/libs/commerce/config/org.apache.sling.serviceusermapping.impl.ServiceUserMapperImpl.amended-virtual-commerce"/>
        <include pattern="/libs/commerce/config/org.apache.sling.jcr.repoinit.RepositoryInitializer-default.config"/>
    </filter>
    <filter root="/libs/commerce/install">
        <include pattern="/libs/commerce/install/cq-commerce-virtual-catalog-(.*).jar"/>
    </filter>
    <filter root="/libs/commerce/components/" mode="update"/>
    <filter root="/libs/commerce/gui" mode="update"/>
    <filter root="/libs/commerce/gui/content/products" mode="update"/>
    <filter root="/libs/commerce/gui/content/products/bindproducttreewizard"/>
    <filter root="/libs/commerce/gui/components/admin/products/products.jsp"/>
    <filter root="/libs/commerce/gui/components/admin/products/childcard/childcard.jsp"/>
    <filter root="/libs/commerce/gui/components/admin/products/childrow/childrow.jsp"/>
    <filter root="/libs/commerce/gui/components/admin/products/childcolumnitem/childcolumnitem.jsp"/>
    <filter root="/libs/commerce/gui/components/admin/products/bindproducttreewizard"/>
    <filter root="/apps/commerce/gui/content/products/folderproperties"/>

    <!-- We delete the cq:tags search field in the product picker -->
    <filter root="/libs/commerce/gui/content/common/productfield/picker/search/form/tagid"/>
    <filter root="/libs/commerce/gui/content/common/productfield/picker/search/form/tagid-property"/>
    
    <filter root="/oak:index/commerceCqVirtualCatalog" />

</workspaceFilter>
