<?xml version="1.0"?>
<!--
    Copyright 2020 Adobe

    Licensed under the Apache License, Version 2.0 (the "License");
    you may not use this file except in compliance with the License.
    You may obtain a copy of the License at

        http://www.apache.org/licenses/LICENSE-2.0

    Unless required by applicable law or agreed to in writing, software
    distributed under the License is distributed on an "AS IS" BASIS,
    WITHOUT WARRANTIES OR CONDITIONS OF ANY KIND, either express or implied.
    See the License for the specific language governing permissions and
    limitations under the License.
-->
<!DOCTYPE macker PUBLIC "-//innig//DTD Macker 0.4//EN" "http://innig.net/macker/dtd/macker-0.4.dtd">
<macker>
    <ruleset name="deny references to AEM Commerce Classic API packages">
        <access-rule>
            <deny>
                <to>
                    <include class="com.adobe.cq.commerce.api.**"/>
                    <include class="com.adobe.cq.commerce.common.**"/>
                    <include class="com.adobe.cq.commerce.pim.**"/>
                </to>
            </deny>
        </access-rule>
    </ruleset>
</macker>