{
  "title": "Ask your question",
  "fields": [
    {
      "id": "name",
      "label": "Name",
      "type": "text",
      "placeholder": "Please enter name",
      "value": "",
      "note": "Use name and surname"
    },
    {
      "id": "email",
      "label": "Email",
      "type": "email",
      "placeholder": "Please enter your email",
      "value": "",
      "note": "We will contact you with answer using chosen email"
    }
  ],
  "text": {
    "label": "Question"
  },
  "button": {
    "class": "",
    "link": "#",
    "text": "Send query"
  },
  "actionLink": "#"
}