<?xml version="1.0" encoding="UTF-8"?>
<jcr:root xmlns:sling="http://sling.apache.org/jcr/sling/1.0" xmlns:cq="http://www.day.com/jcr/cq/1.0" xmlns:jcr="http://www.jcp.org/jcr/1.0" xmlns:nt="http://www.jcp.org/jcr/nt/1.0" xmlns:rep="internal"
    jcr:mixinTypes="[rep:AccessControllable]"
    jcr:primaryType="cq:Page">
    <rep:policy/>
    <adaptto-cloud-demo jcr:primaryType="nt:unstructured">
        <core jcr:primaryType="nt:unstructured">
            <components jcr:primaryType="nt:unstructured">
                <container jcr:primaryType="nt:unstructured">
                    <container jcr:primaryType="nt:unstructured">
                        <content-container
                            jcr:primaryType="nt:unstructured"
                            jcr:title="Content Container"
                            sling:resourceType="wcm/core/components/policy/policy"
                            components="[group:adaptto-cloud-demo Container,group:adaptto-cloud-demo Content]"
                            layout="responsiveGrid"
                            layoutDisabled="false">
                            <jcr:content
                                jcr:primaryType="nt:unstructured"
                                jcr:mixinTypes="[cq:ReplicationStatus]"
                                cq:lastReplicated="{Date}2020-09-27T00:00:00.000+02:00"
                                cq:lastReplicationAction="Activate"/>
                            <cq:authoring jcr:primaryType="nt:unstructured">
                                <assetToComponentMapping jcr:primaryType="nt:unstructured">
                                    <image
                                        jcr:primaryType="nt:unstructured"
                                        assetGroup="media"
                                        assetMimetype="[image/gif,image/jpeg,image/png,image/tiff,image/svg+xml]"
                                        droptarget="image"
                                        resourceType="adaptto-cloud-demo/core/components/content/responsiveimage"/>
                                </assetToComponentMapping>
                            </cq:authoring>
                        </content-container>
                    </container>
                </container>
            </components>
        </core>
    </adaptto-cloud-demo>
    <wcm jcr:primaryType="nt:unstructured">
        <foundation jcr:primaryType="nt:unstructured">
            <components jcr:primaryType="nt:unstructured">
                <responsivegrid jcr:primaryType="nt:unstructured">
                    <root-container
                        jcr:primaryType="nt:unstructured"
                        jcr:title="Root Container"
                        sling:resourceType="wcm/core/components/policy/policy"
                        components="[/apps/adaptto-cloud-demo/core/components/container/container,group:adaptto-cloud-demo Templating]">
                        <jcr:content
                            jcr:primaryType="nt:unstructured"
                            jcr:mixinTypes="[cq:ReplicationStatus]"
                            cq:lastReplicated="{Date}2020-09-27T00:00:00.000+02:00"
                            cq:lastReplicationAction="Activate"/>
                    </root-container>
                    <experience-fragment
                        jcr:primaryType="nt:unstructured"
                        jcr:title="Experience Fragment"
                        sling:resourceType="wcm/core/components/policy/policy"
                        components="[group:adaptto-cloud-demo Container,group:adaptto-cloud-demo Content]">
                        <jcr:content
                            jcr:primaryType="nt:unstructured"
                            jcr:mixinTypes="[cq:ReplicationStatus]"
                            cq:lastReplicated="{Date}2020-09-27T00:00:00.000+02:00"
                            cq:lastReplicationAction="Activate"/>
                        <cq:authoring jcr:primaryType="nt:unstructured">
                            <assetToComponentMapping jcr:primaryType="nt:unstructured">
                                <image
                                    jcr:primaryType="nt:unstructured"
                                    assetGroup="media"
                                    assetMimetype="[image/gif,image/jpeg,image/png,image/tiff,image/svg+xml]"
                                    droptarget="image"
                                    resourceType="adaptto-cloud-demo/core/components/content/responsiveimage"/>
                            </assetToComponentMapping>
                        </cq:authoring>
                    </experience-fragment>
                </responsivegrid>
            </components>
        </foundation>
    </wcm>
</jcr:root>
