<?xml version="1.0" encoding="utf-8" standalone="no"?>
<!DOCTYPE properties SYSTEM "http://java.sun.com/dtd/properties.dtd">
<properties>
<comment>FileVault Package Properties</comment>
<entry key="createdBy">admin</entry>
<entry key="name">adaptExport</entry>
<entry key="lastModified">2019-08-29T07:17:29.358+02:00</entry>
<entry key="lastModifiedBy">admin</entry>
<entry key="created">2019-08-29T07:17:29.375+02:00</entry>
<entry key="buildCount">1</entry>
<entry key="version"/>
<entry key="packageType">content</entry>
<entry key="dependencies"/>
<entry key="packageFormatVersion">2</entry>
<entry key="description"/>
<entry key="lastWrapped">2019-08-29T07:17:29.358+02:00</entry>
<entry key="group">my_packages</entry>
<entry key="lastWrappedBy">admin</entry>
</properties>
