{
  "name": "shinesolutions-aem_resources",
  "version": "4.1.0",
  "author": "Shine Solutions (opensource@shinesolutions.com)",
  "summary": "Puppet module for provisioning Adobe Experience Manager (AEM) resources",
  "license": "Apache-2.0",
  "source": "http://github.com/shinesolutions/puppet-aem-resources",
  "project_page": "https://github.com/shinesolutions/puppet-aem-resources",
  "issues_url": "https://github.com/shinesolutions/puppet-aem-resources/issues/",
  "dependencies": [
    {
      "name": "puppet-archive",
      "version_requirement": "3.2.1"
    },
    {
      "name": "puppetlabs/java_ks",
      "version_requirement": "1.6.0"
    },
    {
      "name": "puppetlabs-stdlib",
      "version_requirement": "4.25.1"
    }
  ],
  "data_provider": "hiera",
  "operatingsystem_support": [
    {
      "operatingsystem": "RedHat",
      "operatingsystemrelease": [
        "7"
      ]
    },
    {
      "operatingsystem": "Amazon",
      "operatingsystemrelease": [
        "2016.03",
        "2016.09",
        "2017.03",
        "2017.09",
        "2017.12"
      ]
    }
  ],
  "requirements": [
    {
      "name": "puppet",
      "version_requirement": ">= 5.0.0 < 7.0.0"
    }
  ],
  "tags": [
    "adobe experience manager",
    "aem",
    "cq"
  ],
  "pdk-version": "1.7.0",
  "template-url": "file:///opt/puppetlabs/pdk/share/cache/pdk-templates.git",
  "template-ref": "1.7.0-0-g57412ed"
}