<?xml version="1.0" encoding="UTF-8"?>
<jcr:root xmlns:sling="http://sling.apache.org/jcr/sling/1.0" 
    xmlns:cq="http://www.day.com/jcr/cq/1.0" 
    xmlns:jcr="http://www.jcp.org/jcr/1.0" 
    xmlns:nt="http://www.jcp.org/jcr/nt/1.0" 
    jcr:primaryType="nt:unstructured" 
    jcr:title="Product Teaser" 
    sling:resourceType="cq/gui/components/authoring/dialog" 
    trackingFeature="cif-core-components:productteaser:v1">
    <content jcr:primaryType="nt:unstructured" 
        sling:resourceType="granite/ui/components/coral/foundation/container">
        <items jcr:primaryType="nt:unstructured">
            <tabs jcr:primaryType="nt:unstructured" 
                sling:resourceType="granite/ui/components/coral/foundation/tabs" 
                maximized="{Boolean}true">
                <items jcr:primaryType="nt:unstructured">
                    <badge jcr:primaryType="nt:unstructured" 
                        jcr:title="Badge" 
                        sling:resourceType="granite/ui/components/coral/foundation/container" 
                        margin="{Boolean}true">
                        <items jcr:primaryType="nt:unstructured">
                            <columns jcr:primaryType="nt:unstructured" 
                                sling:resourceType="granite/ui/components/coral/foundation/fixedcolumns" 
                                margin="{Boolean}true">
                                <items jcr:primaryType="nt:unstructured">
                                    <column jcr:primaryType="nt:unstructured" 
                                        sling:resourceType="granite/ui/components/coral/foundation/container">
                                        <items jcr:primaryType="nt:unstructured">
                                            <badge jcr:primaryType="nt:unstructured" 
                                                sling:resourceType="granite/ui/components/coral/foundation/form/checkbox" 
                                                text="Display 'New' badge" 
                                                value="true" 
                                                uncheckedValue="false" 
                                                name="./badge" />
                                            <age jcr:primaryType="nt:unstructured" 
                                                sling:resourceType="granite/ui/components/coral/foundation/form/numberfield" 
                                                fieldDescription="The maximum age in days the 'new' badge should be shown" 
                                                fieldLabel="Max Product Age" 
                                                name="./age"
                                                min="{Long}0" 
                                                value="10" />
                                            <ageTypeHint jcr:primaryType="nt:unstructured" 
                                                sling:resourceType="granite/ui/components/foundation/form/hidden" 
                                                ignoreData="{Boolean}true" 
                                                name="./age@TypeHint" 
                                                value="Long" />
                                            <text jcr:primaryType="nt:unstructured" 
                                                sling:resourceType="granite/ui/components/coral/foundation/form/textfield" 
                                                fieldDescription="The text displayed on the badge" 
                                                fieldLabel="Badge Text" 
                                                name="./text" 
                                                emptyText="New" 
                                                value="New" />
                                        </items>
                                    </column>
                                </items>
                            </columns>
                        </items>
                    </badge>
                </items>
            </tabs>
        </items>
    </content>
</jcr:root>
