{
  "author-publish-dispatcher": {
    "packages": [
      {
        "source": "https://repo.maven.apache.org/maven2/com/shinesolutions/aem-helloworld-content/0.0.1/aem-helloworld-content-0.0.1.zip",
        "group": "shinesolutions",
        "name": "aem-helloworld-content",
        "version": "0.0.1",
        "replicate": false,
        "activate": false,
        "force": false,
        "sleep_seconds": "120"
      },
      {
        "source": "https://repo.maven.apache.org/maven2/com/shinesolutions/aem-helloworld-content/0.0.1/aem-helloworld-content-0.0.1.zip",
        "group": "shinesolutions",
        "name": "aem-helloworld-content",
        "version": "0.0.1",
        "replicate": false,
        "activate": false,
        "force": false,
        "aem_id": "publish",
        "sleep_seconds": "120"
      }
    ],
    "artifacts": [
      {
        "name": "aem-helloworld-author-publish-dispatcher",
        "source": "https://github.com/shinesolutions/aem-helloworld-publish-dispatcher/releases/download/0.11.1/aem-helloworld-publish-dispatcher-0.11.1.zip"
      }
    ]
  }
}
