{
  "author-publish-dispatcher": {
    "packages": [
      {
        "source": "s3://aem-opencloud/library/aem-helloworld-content-0.0.2.zip",
        "group": "shinesolutions",
        "name": "aem-helloworld-content",
        "version": "0.0.2",
        "replicate": false,
        "activate": false,
        "force": false
      },
      {
        "source": "s3://aem-opencloud/library/aem-helloworld-content-0.0.2.zip",
        "group": "shinesolutions",
        "name": "aem-helloworld-content",
        "version": "0.0.2",
        "replicate": false,
        "activate": false,
        "force": false,
        "aem_id": "publish"
      },
      {
        "source": "https://helpx.adobe.com/content/dam/help/en/experience-manager/kt/sites/using/getting-started-wknd-tutorial-develop/jcr_content/main-pars/download_section_1597519812/download-1/aem-guides-wknd_uiapps-001-snapshot.zip",
        "group": "com.adobe.aem.guides",
        "name": "aem-guides-wknd.ui.apps",
        "version": "0.0.1-SNAPSHOT",
        "replicate": false,
        "activate": false,
        "force": false
      },
      {
        "source": "https://helpx.adobe.com/content/dam/help/en/experience-manager/kt/sites/using/getting-started-wknd-tutorial-develop/jcr_content/main-pars/download_section_1597519812/download-1/aem-guides-wknd_uiapps-001-snapshot.zip",
        "group": "com.adobe.aem.guides",
        "name": "aem-guides-wknd.ui.apps",
        "version": "0.0.1-SNAPSHOT",
        "replicate": false,
        "activate": false,
        "force": false,
        "aem_id": "publish"
      },
      {
        "source": "https://helpx.adobe.com/content/dam/help/en/experience-manager/kt/sites/using/getting-started-wknd-tutorial-develop/jcr_content/main-pars/download_section_1597519812/download-2/aem-guides-wknd_uicontent-001-snapshot.zip",
        "group": "com.adobe.aem.guides",
        "name": "aem-guides-wknd.ui.content",
        "version": "0.0.1-SNAPSHOT",
        "replicate": false,
        "activate": false,
        "force": false
      },
      {
        "source": "https://helpx.adobe.com/content/dam/help/en/experience-manager/kt/sites/using/getting-started-wknd-tutorial-develop/jcr_content/main-pars/download_section_1597519812/download-2/aem-guides-wknd_uicontent-001-snapshot.zip",
        "group": "com.adobe.aem.guides",
        "name": "aem-guides-wknd.ui.content",
        "version": "0.0.1-SNAPSHOT",
        "replicate": false,
        "activate": false,
        "force": false,
        "aem_id": "publish"
      }
    ],
    "artifacts": [
      {
        "name": "aem-helloworld-author-publish-dispatcher",
        "source": "s3://aem-opencloud/library/aem-helloworld-publish-dispatcher-0.11.0.zip"
      }
    ]
  }
}
