{
  "author-publish-dispatcher": {
    "packages": [
      {
        "source": "https://repo.maven.apache.org/maven2/com/shinesolutions/aem-helloworld-content/0.0.2/aem-helloworld-content-0.0.2.zip",
        "group": "shinesolutions",
        "name": "aem-helloworld-content",
        "version": "0.0.2",
        "replicate": false,
        "activate": false,
        "force": false,
        "aem_id": "author"
      },
      {
        "source": "https://github.com/shinesolutions/aem-helloworld-osgi-config/releases/download/1.0-SNAPSHOT/aem-helloworld-osgi-config-package-sandpit-1.0-SNAPSHOT.zip",
        "group": "shinesolutions",
        "name": "aem-helloworld-osgi-config-package-sandpit",
        "version": "1.0-SNAPSHOT",
        "replicate": false,
        "activate": false,
        "force": false,
        "aem_id": "author"
      },
      {
        "source": "https://repo.maven.apache.org/maven2/com/shinesolutions/aem-helloworld-content/0.0.2/aem-helloworld-content-0.0.2.zip",
        "group": "shinesolutions",
        "name": "aem-helloworld-content",
        "version": "0.0.2",
        "replicate": false,
        "activate": false,
        "force": false,
        "aem_id": "publish"
      }
    ],
    "artifacts": [
      {
        "name": "aem-helloworld-author-publish-dispatcher",
        "source": "https://github.com/shinesolutions/aem-helloworld-publish-dispatcher/releases/download/0.11.1/aem-helloworld-publish-dispatcher-0.11.1.zip"
      }
    ]
  }
}
