{
  "browser": {
    "sling:resourceType": "composum/nodes/commons/clientlib",
    "category": [
      "composum.nodes.console.browser"
    ],
    "order": 100,
    "css": {
      "jcr:primaryType": "nt:unstructured",
      "depends": [
        "category:composum.nodes.console.base"
      ],
      "embed": [
        "composum/nodes/console/components/codeeditor/clientlib",
        "composum/nodes/browser/css/nodes.css",
        "composum/nodes/browser/css/browser.css",
        "composum/nodes/browser/components/favorites/clientlib"
      ]
    },
    "js": {
      "jcr:primaryType": "nt:unstructured",
      "depends": [
        "jslibs/jquery/2.2.4/jquery.js",
        "category:composum.nodes.console.base",
        "jslibs/x-editable/1.5.3/bootstrap3-editable/js/bootstrap-editable.js"
      ],
      "embed": [
        "composum/nodes/console/components/codeeditor/clientlib",
        "composum/nodes/browser/js/x-editable.js",
        "composum/nodes/browser/js/property.js",
        "composum/nodes/browser/js/query.js",
        "composum/nodes/browser/js/browser.js",
        "composum/nodes/browser/js/navigation.js",
        "composum/nodes/browser/components/favorites/clientlib",
        "composum/nodes/browser/js/properties.js",
        "composum/nodes/browser/js/accessPolicyEntryDialog.js",
        "composum/nodes/browser/js/policiesTable.js",
        "composum/nodes/browser/js/policiesTab.js",
        "composum/nodes/browser/js/version.js",
        "composum/nodes/browser/js/nodeview.js"
      ]
    }
  }
}
