{
  "bundles":[
    {
      "id":"commons-fileupload:commons-fileupload:1.4",
      "start-order":"1"
    },
    {
      "id":"commons-io:commons-io:2.6",
      "start-order":"1"
    },
    {
      "id":"org.osgi:org.osgi.util.function:1.1.0",
      "start-order":"1"
    },
    {
      "id":"org.osgi:org.osgi.util.promise:1.1.1",
      "start-order":"1"
    },
    {
      "id":"org.apache.felix:org.apache.felix.converter:1.0.10",
      "start-order":"1"
    },
    {
      "id":"org.osgi:org.osgi.util.pushstream:1.0.1",
      "start-order":"1"
    },
    {
      "id":"org.apache.felix:org.apache.felix.log:1.2.2",
      "start-order":"1"
    },
    {
      "id":"org.apache.sling:org.apache.sling.commons.log:5.1.10",
      "start-order":"1"
    },
    {
      "id":"org.slf4j:jcl-over-slf4j:1.7.25",
      "start-order":"1"
    },
    {
      "id":"org.slf4j:log4j-over-slf4j:1.7.25",
      "start-order":"1"
    },
    {
      "id":"org.slf4j:slf4j-api:1.7.25",
      "start-order":"1"
    },
    {
      "id":"org.apache.felix:org.apache.felix.configadmin:1.9.16",
      "start-order":"1"
    },
    {
      "id":"org.apache.felix:org.apache.felix.eventadmin:1.5.0",
      "start-order":"2"
    },
    {
      "id":"org.apache.felix:org.apache.felix.metatype:1.2.2",
      "start-order":"2"
    },
    {
      "id":"org.apache.felix:org.apache.felix.inventory:1.0.6",
      "start-order":"2"
    },
    {
      "id":"org.apache.felix:org.apache.felix.http.servlet-api:1.1.2",
      "start-order":"1"
    },
    {
      "id":"org.apache.felix:org.apache.felix.http.jetty:jar:light:4.0.10",
      "start-order":"2"
    },
    {
      "id":"org.eclipse.jetty:jetty-servlet:9.4.19.v20190610",
      "start-order":"2"
    },
    {
      "id":"org.eclipse.jetty:jetty-server:9.4.19.v20190610",
      "start-order":"2"
    },
    {
      "id":"org.eclipse.jetty:jetty-http:9.4.19.v20190610",
      "start-order":"2"
    },
    {
      "id":"org.eclipse.jetty:jetty-io:9.4.19.v20190610",
      "start-order":"2"
    },
    {
      "id":"org.eclipse.jetty:jetty-util:9.4.19.v20190610",
      "start-order":"2"
    },
    {
      "id":"org.eclipse.jetty:jetty-jmx:9.4.19.v20190610",
      "start-order":"2"
    },
    {
      "id":"org.eclipse.jetty:jetty-security:9.4.19.v20190610",
      "start-order":"2"
    },
    {
      "id":"org.apache.felix:org.apache.felix.scr:2.1.16",
      "start-order":"1"
    }
  ],
  "configurations":{
    "dummy.config":{
      "foo":"bar"
    }
  },
  "framework-properties":{
    "felix.cm.pm":"featurelauncher"
  }
}