{
  "bundles":[
    {
      "id":"org.osoco.software:org.osoco.software.samples.guessinggame.cdi:0.0.1-SNAPSHOT",
      "start-order":20
    },
    {
      "id":"javax.ejb:javax.ejb-api:3.2",
      "start-order":10
    },
    {
      "id":"org.apache.aries.cdi:org.apache.aries.cdi.extender:1.0.2",
      "start-order":10
    },
    {
      "id":"org.apache.aries.cdi:org.apache.aries.cdi.extra:1.0.2",
      "start-order":10
    },
    {
      "id":"org.apache.aries.spifly:org.apache.aries.spifly.dynamic.framework.extension:1.2.3",
      "start-order":1
    },
    {
      "id":"org.apache.geronimo.specs:geronimo-atinject_1.0_spec:1.1",
      "start-order":10
    },
    {
      "id":"org.apache.geronimo.specs:geronimo-annotation_1.3_spec:1.1",
      "start-order":10
    },
    { 
      "id":"org.apache.geronimo.specs:geronimo-el_2.2_spec:1.1",
      "start-order":10
    },
    {
      "id":"org.apache.geronimo.specs:geronimo-interceptor_1.2_spec:1.1",
      "start-order":10
    },
    {
      "id":"org.apache.geronimo.specs:geronimo-jcdi_2.0_spec:1.1",
      "start-order":10
    },
    {
      "id":"org.osgi:org.osgi.service.cdi:1.0.0",
      "start-order":10
    },
    {
      "id":"org.jboss.classfilewriter:jboss-classfilewriter:1.2.3.FINAL",
      "start-order":10
    },
    {
      "id":"org.jboss.logging:jboss-logging:3.3.2.FINAL",
      "start-order":10
    },
    {
      "id":"org.jboss.weld:weld-osgi-bundle:3.0.5.FINAL",
      "start-order":10
    }
  ],
  "framework-properties" : {
    "org.osgi.framework.system.packages.extra" : "sun.misc,javax.transaction;version=1.2"
  }
}
