<?xml version="1.0" encoding="UTF-8"?>
<jcr:root xmlns:sling="http://sling.apache.org/jcr/sling/1.0" xmlns:cq="http://www.day.com/jcr/cq/1.0" xmlns:jcr="http://www.jcp.org/jcr/1.0" xmlns:nt="http://www.jcp.org/jcr/nt/1.0"
    jcr:primaryType="cq:Page">
    <jcr:content
#if ( $singleCountry == "n" )
        jcr:mixinTypes="[cq:LiveRelationship]"
#end
        pageTitle="${appTitle}"
        jcr:primaryType="cq:PageContent"
        jcr:title="${language}"
#if ( $isSpaProject )
        cq:template="/conf/${appId}/settings/wcm/templates/spa-app-template"
        sling:resourceType="${appId}/components/spa"
    >
#else
        cq:contextHubPath="/etc/cloudsettings/default/contexthub"
        cq:contextHubSegmentsPath="/etc/segmentation/contexthub"
        cq:template="/conf/${appId}/settings/wcm/templates/page-content"
#if ( $includeCommerce == "y" )
        cq:allowedTemplates="[/conf/${appId}/settings/wcm/templates/(?!(landing|root)).*]"
        cq:cifCategoryPage="/content/${appId}/us/en/products/category-page"
        cq:cifProductPage="/content/${appId}/us/en/products/product-page"
        cq:cifSearchResultsPage="/content/${appId}/us/en/search"
        navRoot="{Boolean}true"
#end
        sling:resourceType="${appId}/components/page"
    >
        <root
            jcr:primaryType="nt:unstructured"
            sling:resourceType="${appId}/components/container"
#if ( $singleCountry == "n" )
             jcr:mixinTypes="[cq:LiveRelationship]"
#end
            layout="responsiveGrid">
            <container
                jcr:primaryType="nt:unstructured"
#if ( $singleCountry == "n" )
             jcr:mixinTypes="[cq:LiveRelationship]"
#end
                sling:resourceType="${appId}/components/container">
                <title
                    jcr:primaryType="nt:unstructured"
                    sling:resourceType="${appId}/components/title"/>
                <container
                    jcr:primaryType="nt:unstructured"
                    sling:resourceType="${appId}/components/container"
                    layout="responsiveGrid">
                    <teaser
                        jcr:description="&lt;p>Don't stop half way, go for the top!&lt;/p>&#xd;&#xa;"
                        jcr:primaryType="nt:unstructured"
                        jcr:title="Epic Journey"
                        sling:resourceType="${appId}/components/teaser"
                        actionsEnabled="false"
                        descriptionFromPage="false"
                        textIsRich="true"
                        titleFromPage="false">
                        <cq:responsive jcr:primaryType="nt:unstructured">
                            <default
                                jcr:primaryType="nt:unstructured"
                                offset="0"
                                width="4"/>
                        </cq:responsive>
                    </teaser>
                    <teaser_copy
                        jcr:description="&lt;p>Don't stop half way, go for the top!&lt;/p>&#xd;&#xa;"
                        jcr:primaryType="nt:unstructured"
                        jcr:title="Epic Journey"
                        sling:resourceType="${appId}/components/teaser"
                        actionsEnabled="false"
                        descriptionFromPage="false"
                        textIsRich="true"
                        titleFromPage="false">
                        <cq:responsive jcr:primaryType="nt:unstructured">
                            <default
                                jcr:primaryType="nt:unstructured"
                                offset="0"
                                width="4"/>
                        </cq:responsive>
                    </teaser_copy>
                    <teaser_copy_1579324932
                        jcr:description="&lt;p>Don't stop half way, go for the top!&lt;/p>&#xd;&#xa;"
                        jcr:primaryType="nt:unstructured"
                        jcr:title="Epic Journey"
                        sling:resourceType="${appId}/components/teaser"
                        actionsEnabled="false"
                        descriptionFromPage="false"
                        textIsRich="true"
                        titleFromPage="false">
                        <cq:responsive jcr:primaryType="nt:unstructured">
                            <default
                                jcr:primaryType="nt:unstructured"
                                offset="0"
                                width="4"/>
                        </cq:responsive>
                    </teaser_copy_1579324932>
                    <helloworld
                        jcr:primaryType="nt:unstructured"
                        sling:resourceType="${appId}/components/helloworld"
                        text="lalala :)"/>
#if ( $includeCommerce == "y" )
                    <productcarousel
                        jcr:primaryType="nt:unstructured"
                        sling:resourceType="${appId}/components/commerce/productcarousel"/>
#end
                </container>
            </container>
        </root>
#end
#if ( $singleCountry == "n" )
        <cq:LiveSyncConfig
            cq:isDeep="{Boolean}true"
            cq:master="/content/${appId}/language-masters/${language}"
            cq:rolloutConfigs="[/libs/msm/wcm/rolloutconfigs/default]"
            jcr:primaryType="cq:LiveCopy"/>
#end
    </jcr:content>
</jcr:root>
