<?xml version="1.0" encoding="UTF-8"?>
<workspaceFilter version="1.0">
    <filter root="/conf/aemdynamicmediademo">
        <include pattern="/conf/aemdynamicmediademo"/>
        <include pattern="/conf/aemdynamicmediademo/rep:policy(/.*)?"/>
    </filter>
    <filter root="/conf/aemdynamicmediademo/settings/wcm">
        <exclude pattern="^.*/dam:thumbnails(/.*)?$"/>
    </filter>
    <filter root="/conf/global/settings/dam/adminui-extension/imageprofile/smart-crop"/>
    <filter root="/conf/global/settings/dam/dm/presets/macros/800-Grayscale"/>
</workspaceFilter>
