<?xml version="1.0" encoding="UTF-8"?>
<jcr:root xmlns:sling="http://sling.apache.org/jcr/sling/1.0" xmlns:granite="http://www.adobe.com/jcr/granite/1.0" xmlns:cq="http://www.day.com/jcr/cq/1.0" xmlns:jcr="http://www.jcp.org/jcr/1.0" xmlns:nt="http://www.jcp.org/jcr/nt/1.0"
    jcr:primaryType="cq:Page">
    <jcr:content
        jcr:primaryType="nt:unstructured"
        jcr:title="AEM Products | Bind Products"
        sling:resourceType="granite/ui/components/coral/foundation/page">
        <head jcr:primaryType="nt:unstructured">
            <viewport
                jcr:primaryType="nt:unstructured"
                sling:resourceType="granite/ui/components/coral/foundation/admin/page/viewport"/>
            <meta
                jcr:primaryType="nt:unstructured"
                sling:resourceType="granite/ui/components/coral/foundation/meta"
                content="chrome=1"
                name="X-UA-Compatible"/>
            <favicon
                jcr:primaryType="nt:unstructured"
                sling:resourceType="granite/ui/components/coral/foundation/page/favicon"/>
            <clientlibs
                jcr:primaryType="nt:unstructured"
                sling:resourceType="granite/ui/components/coral/foundation/includeclientlibs"
                categories="[coralui3,granite.ui.coral.foundation,commerce.gui.products.bindproducttreewizard,cq.authoring.dialog]"/>
        </head>
        <body
            granite:id="cq-commerce-products-bindproducttree"
            jcr:primaryType="nt:unstructured"
            sling:resourceType="granite/ui/components/coral/foundation/page/body">
            <items jcr:primaryType="nt:unstructured">
                <form
                    granite:class="form"
                    granite:id="cq-commerce-products-bindproducttree-form"
                    jcr:primaryType="nt:unstructured"
                    sling:resourceType="granite/ui/components/coral/foundation/form"
                    action="${requestPathInfo.suffix}"
                    foundationForm="{Boolean}true"
                    maximized="{Boolean}true"
                    method="post"
                    novalidate="{Boolean}true"
                    style="vertical">
                    <items jcr:primaryType="nt:unstructured">
                        <charset
                            jcr:primaryType="nt:unstructured"
                            sling:resourceType="granite/ui/components/coral/foundation/form/hidden"
                            name="_charset_"
                            value="utf-8"/>
                        <wizard
                            jcr:primaryType="nt:unstructured"
                            jcr:title="Bind Products"
                            sling:resourceType="granite/ui/components/coral/foundation/wizard"
                            cancelHref="${empty header.Referer ? granite:concat(&quot;/aem/products.html&quot;, granite:encodeURIPath(requestPathInfo.suffix)) : header.Referer}">
                            <items jcr:primaryType="nt:unstructured">
                                <step1
                                    jcr:primaryType="nt:unstructured"
                                    jcr:title="Properties"
                                    sling:resourceType="granite/ui/components/coral/foundation/container"
                                    maximized="{Boolean}true">
                                    <items jcr:primaryType="nt:unstructured">
                                        <fixedcolumn
                                            jcr:primaryType="nt:unstructured"
                                            sling:resourceType="granite/ui/components/coral/foundation/fixedcolumns"
                                            margin="true">
                                            <items jcr:primaryType="nt:unstructured">
                                                <column
                                                    jcr:primaryType="nt:unstructured"
                                                    sling:resourceType="granite/ui/components/coral/foundation/container">
                                                    <items jcr:primaryType="nt:unstructured">
                                                        <title
                                                            jcr:primaryType="nt:unstructured"
                                                            sling:resourceType="granite/ui/components/coral/foundation/form/textfield"
                                                            fieldLabel="Title"
                                                            name="./jcr:title"
                                                            renderReadOnly="{Boolean}false"/>
                                                        <name
                                                            granite:id="cq-commerce-products-bindproducttree-name"
                                                            jcr:primaryType="nt:unstructured"
                                                            sling:resourceType="granite/ui/components/coral/foundation/form/textfield"
                                                            fieldLabel="Name"
                                                            name=":name"
                                                            required="{Boolean}true"/>
                                                        <cqConf jcr:primaryType="nt:unstructured"
                                                                sling:resourceType="cq/cloudconfig/components/admin/configpathbrowser"
                                                                name="./cq:conf"/>
                                                        <node-type
                                                            jcr:primaryType="nt:unstructured"
                                                            sling:resourceType="granite/ui/components/coral/foundation/form/hidden"
                                                            name="./jcr:primaryType"
                                                            value="sling:Folder"/>
                                                    </items>
                                                </column>
                                            </items>
                                        </fixedcolumn>
                                    </items>
                                    <parentConfig jcr:primaryType="nt:unstructured">
                                        <next
                                            granite:class="foundation-wizard-control"
                                            jcr:primaryType="nt:unstructured"
                                            sling:resourceType="granite/ui/components/coral/foundation/button"
                                            disabled="{Boolean}true"
                                            text="Bind"
                                            type="submit"
                                            variant="primary">
                                            <granite:data
                                                jcr:primaryType="nt:unstructured"
                                                foundation-wizard-control-action="next"/>
                                        </next>
                                    </parentConfig>
                                </step1>
                            </items>
                        </wizard>
                    </items>
                </form>
            </items>
        </body>
    </jcr:content>
</jcr:root>
