<?xml version="1.0" encoding="UTF-8"?>
<jcr:root xmlns:sling="http://sling.apache.org/jcr/sling/1.0" xmlns:cq="http://www.day.com/jcr/cq/1.0" xmlns:jcr="http://www.jcp.org/jcr/1.0" xmlns:nt="http://www.jcp.org/jcr/nt/1.0"
    jcr:primaryType="nt:unstructured"
    jcr:title="Services Item"
    sling:resourceType="cq/gui/components/authoring/dialog">
    <content
        jcr:primaryType="nt:unstructured"
        sling:resourceType="granite/ui/components/coral/foundation/fixedcolumns">
        <items jcr:primaryType="nt:unstructured">
            <column
                jcr:primaryType="nt:unstructured"
                sling:resourceType="granite/ui/components/coral/foundation/container">
                <items jcr:primaryType="nt:unstructured">
                    <content
                        jcr:primaryType="nt:unstructured"
                        sling:resourceType="granite/ui/components/coral/foundation/container">
                        <items jcr:primaryType="nt:unstructured">
                            <title
                                jcr:primaryType="nt:unstructured"
                                sling:resourceType="granite/ui/components/coral/foundation/form/textfield"
                                fieldLabel="Title"
                                name="./jcr:title"
                                required="{Boolean}true"/>
                            <icon
                                jcr:primaryType="nt:unstructured"
                                sling:resourceType="granite/ui/components/coral/foundation/form/select"
                                fieldLabel="Icon"
                                name="./icon">
                                <items jcr:primaryType="nt:unstructured">
                                    <shopping
                                        jcr:primaryType="nt:unstructured"
                                        value="fa-shopping-cart"
                                        text="Shopping"/>
                                    <laptop
                                        jcr:primaryType="nt:unstructured"
                                        value="fa-laptop"
                                        text="Laptop"/>
                                    <lock
                                        jcr:primaryType="nt:unstructured"
                                        value="fa-lock"
                                        text="Lock"/>
                                </items>
                            </icon>
                        </items>
                    </content>
                </items>
            </column>
        </items>
    </content>
</jcr:root>
