<jcr:root xmlns:sling="http://sling.apache.org/jcr/sling/1.0"
          xmlns:granite="http://www.adobe.com/jcr/granite/1.0"
          xmlns:cq="http://www.day.com/jcr/cq/1.0"
          xmlns:jcr="http://www.jcp.org/jcr/1.0"
          xmlns:nt="http://www.jcp.org/jcr/nt/1.0"
          jcr:primaryType="nt:unstructured"
          sling:resourceType="cq/gui/components/authoring/dialog"
          jcr:title="External Application"
          extraClientlibs="[cq.authoring.editor]">
    <content
          granite:class="cq-dialog-content-page"
          jcr:primaryType="nt:unstructured"
          sling:resourceType="granite/ui/components/coral/foundation/container">
      <items jcr:primaryType="nt:unstructured">
          <tabs jcr:primaryType="nt:unstructured"
                sling:resourceType="granite/ui/components/coral/foundation/tabs"
                size="M">
              <items jcr:primaryType="nt:unstructured">
                  <settings jcr:primaryType="nt:unstructured"
                            cq:hideOnEdit="false"
                            cq:showOnCreate="true"
                            jcr:title="Application"
                            margin="{Boolean}true"
                            sling:resourceType="granite/ui/components/coral/foundation/container">
                      <items jcr:primaryType="nt:unstructured">
                          <column
                                  jcr:primaryType="nt:unstructured"
                                  sling:resourceType="granite/ui/components/coral/foundation/container">
                              <items jcr:primaryType="nt:unstructured">                               
                                   <application jcr:primaryType="nt:unstructured"
                                               fieldLabel="Application Id"
                                               name="./application"
                                               emptyOption="{Boolean}true"
                                               sling:resourceType="granite/ui/components/coral/foundation/form/select/">
                                        <items jcr:primaryType="nt:unstructured">
                                            <registration jcr:primaryType="nt:unstructured"
                                                  value="registration-demo"
                                                  text="Registration-Demo"/>
                                            <newsletter jcr:primaryType="nt:unstructured"
                                                  value="newsletter"
                                                  text="Newsletter-Demo"/>
                                        </items>
                                    </application>
                                    <component jcr:primaryType="nt:unstructured"
                                               fieldLabel="Component Id"
                                               name="./component"
                                               emptyOption="{Boolean}true"
                                               sling:resourceType="granite/ui/components/coral/foundation/form/select">
                                        <items jcr:primaryType="nt:unstructured">
                                        <register jcr:primaryType="nt:unstructured"
                                                value="register"
                                                text="Register"/>
                                                <list jcr:primaryType="nt:unstructured"
                                                value="list"
                                                text="Attendee List"/>
                                    </items>
                                    </component>
                                </items>
                            </column>
                        </items>
                    </settings>
                    <settings1 jcr:primaryType="nt:unstructured"
                    cq:hideOnEdit="false"
                    cq:showOnCreate="true"
                    jcr:title="Settings"
                    margin="{Boolean}true"
                    sling:resourceType="granite/ui/components/coral/foundation/container">
                        <items jcr:primaryType="nt:unstructured">
                            <column
                                    jcr:primaryType="nt:unstructured"
                                    sling:resourceType="granite/ui/components/coral/foundation/container">
                                <items jcr:primaryType="nt:unstructured">                               
                                    <event jcr:primaryType="nt:unstructured"
                                                fieldLabel="Event"
                                                name="./event"
                                                sling:resourceType="granite/ui/components/coral/foundation/form/textfield"/>
                                </items>
                            </column>
                        </items>
                    </settings1>
                </items>
            </tabs>
        </items>
    </content>
</jcr:root>