<?xml version="1.0" encoding="UTF-8"?>
<jcr:root xmlns:sling="http://sling.apache.org/jcr/sling/1.0" xmlns:cq="http://www.day.com/jcr/cq/1.0" xmlns:jcr="http://www.jcp.org/jcr/1.0" xmlns:nt="http://www.jcp.org/jcr/nt/1.0"
    jcr:primaryType="nt:unstructured"
    jcr:title="Page"
    sling:resourceType="cq/gui/components/authoring/dialog"
    extraClientlibs="[cq.common.wcm,cq.siteadmin.admin.properties]"
    mode="edit">
    <content
        jcr:primaryType="nt:unstructured"
        sling:resourceType="granite/ui/components/foundation/container">
        <items jcr:primaryType="nt:unstructured">
            <columns
                jcr:primaryType="nt:unstructured"
                sling:resourceType="granite/ui/components/foundation/container">
                <layout
                    jcr:primaryType="nt:unstructured"
                    sling:resourceType="granite/ui/components/foundation/layouts/fixedcolumns"
                    margin="{Boolean}false"/>
                <items jcr:primaryType="nt:unstructured">
                    <thumbnail
                        jcr:primaryType="nt:unstructured"
                        sling:resourceType="cq/gui/components/common/wcm/folderthumbnail"
                        path="${empty param.item ? requestPathInfo.suffix : param.item}"/>
                    <props
                        jcr:primaryType="nt:unstructured"
                        sling:resourceType="granite/ui/components/foundation/container">
                        <items jcr:primaryType="nt:unstructured">
                            <properties
                                jcr:primaryType="nt:unstructured"
                                jcr:title="Cloud commerce bound folder"
                                sling:resourceType="granite/ui/components/foundation/form/fieldset">
                                <items jcr:primaryType="nt:unstructured">
                                    <title
                                        jcr:primaryType="nt:unstructured"
                                        sling:resourceType="granite/ui/components/foundation/form/textfield"
                                        cq-msm-lockable="jcr:title"
                                        fieldLabel="Title"
                                        name="./jcr:title"
                                        required="{Boolean}true"
                                        renderReadOnly="{Boolean}true"
                                        disabled="{Boolean}true"/>
                                    <customfields
                                            jcr:primaryType="nt:unstructured"
                                            sling:resourceType="commerce/components/cifrootfolder/include"
                                            path="${empty param.item ? requestPathInfo.suffix : param.item}"/>
                                    <reference
                                            jcr:primaryType="nt:unstructured"
                                            sling:resourceType="commerce/components/cifrootfolder/reference"
                                            text="Configuration reference" />
                                </items>
                            </properties>
                            <systemprops
                                jcr:primaryType="nt:unstructured"
                                jcr:title="Additional Properties"
                                sling:resourceType="granite/ui/components/foundation/form/fieldset">
                                <items jcr:primaryType="nt:unstructured">
                                    <orderable
                                        jcr:primaryType="nt:unstructured"
                                        sling:resourceType="granite/ui/components/foundation/form/checkbox"
                                        checked="{Boolean}false"
                                        deleteHint="{Boolean}false"
                                        disabled="{Boolean}true"
                                        name="./jcr:primaryType"
                                        renderReadOnly="{Boolean}true"
                                        text="Orderable"
                                        value="sling:OrderedFolder"/>
                                    <orderable_default
                                        jcr:primaryType="nt:unstructured"
                                        sling:resourceType="granite/ui/components/foundation/form/hidden"
                                        name="./jcr:primaryType@DefaultValue"
                                        value="sling:Folder"/>
                                    <orderable_defaultwhenmissing
                                        jcr:primaryType="nt:unstructured"
                                        sling:resourceType="granite/ui/components/foundation/form/hidden"
                                        name="./jcr:primaryType@UseDefaultWhenMissing"
                                        value="{Boolean}true"/>
                                    <charset
                                        jcr:primaryType="nt:unstructured"
                                        sling:resourceType="granite/ui/components/foundation/form/hidden"
                                        ignoreData="{Boolean}true"
                                        name="_charset_"
                                        value="utf-8"/>
                                </items>
                            </systemprops>
                        </items>
                    </props>
                </items>
            </columns>
        </items>
    </content>
</jcr:root>
