{
  "sectionTitle" : "Section Title",
  "mediaList": [
    {
      "link": "#",
      "img": {
        "src": "/etc/designs/patternlab-demo/clientlib/images/fpo_square.png",
        "alt": "square"
      },
      "headline": "Lorem ipsum dolor sit (37 characters)",
      "excerpt": "Lorem ipsum dolor sit amet, consectetur adipisicing elit, sed do eiusmod tempor incididunt ut labore et dolore magna aliqua. Ut enim ad minim veniam, quis nostrud exercitation ullamco laboris nisi ut aliquip ex ea commodo consequat."
    },
    {
      "link": "#",
      "img": {
        "src": "/etc/designs/patternlab-demo/clientlib/images/fpo_square.png",
        "alt": "square"
      },
      "headline": "Lorem ipsum dolor sit (37 characters)",
      "excerpt": "Lorem ipsum dolor sit amet, consectetur adipisicing elit, sed do eiusmod tempor incididunt ut labore et dolore magna aliqua. Ut enim ad minim veniam, quis nostrud exercitation ullamco laboris nisi ut aliquip ex ea commodo consequat."
    },
    {
      "link": "#",
      "img": {
        "src": "/etc/designs/patternlab-demo/clientlib/images/fpo_square.png",
        "alt": "square"
      },
      "headline": "Lorem ipsum dolor sit (37 characters)",
      "excerpt": "Lorem ipsum dolor sit amet, consectetur adipisicing elit, sed do eiusmod tempor incididunt ut labore et dolore magna aliqua. Ut enim ad minim veniam, quis nostrud exercitation ullamco laboris nisi ut aliquip ex ea commodo consequat."
    }
  ],
  "pagination" : {
    "items" : [{"link" : "#"}, {"link" : "#"}, {"link" : "#"}]
  }
}