{
  "category": {
    "name": "Category name",
    "product_count": 12,
    "image": "/apps/core/cif/components/commerce/productlist/v1/productlist/images/catalog/category/category-image.svg",
    "products": {
      "items": [
        {
          "__typename": "SimpleProduct",
          "name": "Product #1",
          "small_image": {
            "url": "/apps/core/cif/components/commerce/productlist/v1/productlist/images/catalog/category/product-thumbnail.png"
          },
          "url_key": "product-1",
          "price_range": {
            "minimum_price": {
              "regular_price": {
                "value": 101,
                "currency": "USD"
              },
              "final_price": {
                "value": 101,
                "currency": "USD"
              },
              "discount": {
                "amount_off": 0,
                "percent_off": 0
              }
            }
          }
        },
        {
          "__typename": "SimpleProduct",
          "name": "Product #2",
          "small_image": {
            "url": "/apps/core/cif/components/commerce/productlist/v1/productlist/images/catalog/category/product-thumbnail.png"
          },
          "url_key": "product-2",
          "price_range": {
            "minimum_price": {
              "regular_price": {
                "value": 102,
                "currency": "USD"
              },
              "final_price": {
                "value": 102,
                "currency": "USD"
              },
              "discount": {
                "amount_off": 0,
                "percent_off": 0
              }
            }
          }
        },
        {
          "__typename": "SimpleProduct",
          "name": "Product #3",
          "small_image": {
            "url": "/apps/core/cif/components/commerce/productlist/v1/productlist/images/catalog/category/product-thumbnail.png"
          },
          "url_key": "product-3",
          "price_range": {
            "minimum_price": {
              "regular_price": {
                "value": 103,
                "currency": "USD"
              },
              "final_price": {
                "value": 103,
                "currency": "USD"
              },
              "discount": {
                "amount_off": 0,
                "percent_off": 0
              }
            }
          }
        },
        {
          "__typename": "SimpleProduct",
          "name": "Product #4",
          "small_image": {
            "url": "/apps/core/cif/components/commerce/productlist/v1/productlist/images/catalog/category/product-thumbnail.png"
          },
          "url_key": "product-4",
          "price_range": {
            "minimum_price": {
              "regular_price": {
                "value": 104,
                "currency": "USD"
              },
              "final_price": {
                "value": 104,
                "currency": "USD"
              },
              "discount": {
                "amount_off": 0,
                "percent_off": 0
              }
            }
          }
        },
        {
          "__typename": "SimpleProduct",
          "name": "Product #5",
          "small_image": {
            "url": "/apps/core/cif/components/commerce/productlist/v1/productlist/images/catalog/category/product-thumbnail.png"
          },
          "url_key": "product-5",
          "price_range": {
            "minimum_price": {
              "regular_price": {
                "value": 105,
                "currency": "USD"
              },
              "final_price": {
                "value": 105,
                "currency": "USD"
              },
              "discount": {
                "amount_off": 0,
                "percent_off": 0
              }
            }
          }
        },
        {
          "__typename": "SimpleProduct",
          "name": "Product #6",
          "small_image": {
            "url": "/apps/core/cif/components/commerce/productlist/v1/productlist/images/catalog/category/product-thumbnail.png"
          },
          "url_key": "product-6",
          "price_range": {
            "minimum_price": {
              "regular_price": {
                "value": 106,
                "currency": "USD"
              },
              "final_price": {
                "value": 106,
                "currency": "USD"
              },
              "discount": {
                "amount_off": 0,
                "percent_off": 0
              }
            }
          }
        }
      ],
      "total_count": 12
    }
  }
}