<?xml version="1.0" encoding="UTF-8"?>
<!--~~~~~~~~~~~~~~~~~~~~~~~~~~~~~~~~~~~~~~~~~~~~~~~~~~~~~~~~~~~~~~~~~~~~~~~~~~~~
  ~ ADOBE CONFIDENTIAL
  ~ __________________
  ~
  ~ Copyright 2018 Adobe Systems Incorporated
  ~ All Rights Reserved.
  ~
  ~ NOTICE:  All information contained herein is, and remains
  ~ the property of Adobe Systems Incorporated and its suppliers,
  ~ if any.  The intellectual and technical concepts contained
  ~ herein are proprietary to Adobe Systems Incorporated and its
  ~ suppliers and are protected by trade secret or copyright law.
  ~ Dissemination of this information or reproduction of this material
  ~ is strictly forbidden unless prior written permission is obtained
  ~ from Adobe Systems Incorporated.
  ~~~~~~~~~~~~~~~~~~~~~~~~~~~~~~~~~~~~~~~~~~~~~~~~~~~~~~~~~~~~~~~~~~~~~~~~~~~-->

<workspaceFilter version="1.0">
    <filter root="/libs/commerce/config">
        <include pattern="/libs/commerce/config/org.apache.sling.serviceusermapping.impl.ServiceUserMapperImpl.amended-cif-omnisearch"/>
    </filter>

    <filter root="/libs/cif"/>
    <filter root="/libs/commerce/gui/components/common/cifpicker"/>
    <filter root="/libs/commerce/gui/components/common/cifproductfield"/>
    <filter root="/libs/commerce/gui/components/common/cifcategoryfield"/>
    <filter root="/libs/commerce/gui/components/configuration"/>
    <filter root="/libs/commerce/gui/content/common/cifproductfield"/>
    <filter root="/libs/commerce/gui/content/common/cifcategoryfield"/>
    <filter root="/libs/commerce/gui/content/configuration"/>

    <filter root="/libs/commerce/gui/clientlibs">
        <exclude pattern="/libs/commerce/gui/clientlibs(/.*)?"/>
        <include pattern="/libs/commerce/gui/clientlibs/configbrowser"/>
    </filter>

    <!-- overlay for the asset metadata editor -->
    <filter root="/libs/dam/content/schemaeditors/forms/default/items/tabs/items/tab6"/>

    <!-- remove default config for products search in editor -->
    <filter root="/libs/settings/cq/search/facets/products" />

    <filter root="/apps/commerce">
        <exclude pattern="/apps/commerce(/.*)?"/>
        <include pattern="/apps/commerce/scaffolding"/>
    </filter>

    <filter root="/libs/commerce/gui/components/authoring/editor/pagepreview"/>
    <filter root="/libs/commerce/gui/content/products/jcr:content/views/column"/>

    <filter root="/libs/wcm/core/content/editor/jcr:content/content/items/content/header/items/headerbar/items/pageinfopopover/items/list/items" mode="merge"/>

    <filter root="/libs/cq/core/content/nav/tools/cloudservices">
        <exclude pattern="/libs/cq/core/content/nav/tools/cloudservices(/.*)?"/>
        <include pattern="/libs/cq/core/content/nav/tools/cloudservices/cifconfig"/>
    </filter>

    <!-- Remove unused legacy Commerce admin links -->
    <filter root="/libs/cq/core/content/nav/commerce/catalogs"/>
    <filter root="/libs/cq/core/content/nav/commerce/collections"/>
    <filter root="/libs/cq/core/content/nav/commerce/orders"/>
    <filter root="/libs/cq/core/content/nav/tools/commerce"/>
</workspaceFilter>