<?xml version="1.0" encoding="UTF-8"?>
<jcr:root xmlns:sling="http://sling.apache.org/jcr/sling/1.0" xmlns:granite="http://www.adobe.com/jcr/granite/1.0" xmlns:vlt="http://www.day.com/jcr/vault/1.0" xmlns:jcr="http://www.jcp.org/jcr/1.0" xmlns:nt="http://www.jcp.org/jcr/nt/1.0"
    jcr:primaryType="sling:OrderedFolder">
    <header jcr:primaryType="nt:unstructured">
        <items jcr:primaryType="nt:unstructured">
            <headerbar jcr:primaryType="nt:unstructured">
                <items jcr:primaryType="nt:unstructured">
                    <pageinfopopover jcr:primaryType="nt:unstructured">
                        <items jcr:primaryType="nt:unstructured">
                            <list jcr:primaryType="nt:unstructured">
                                <items jcr:primaryType="nt:unstructured">
                                    <previewpdp
                                        granite:rel="cq-commerce-cifproductpicker-activator cq-commerce-pdp-preview-activator"
                                        granite:title="View with Product"
                                        jcr:primaryType="nt:unstructured"
                                        sling:resourceType="granite/ui/components/coral/foundation/button"
                                        text="View with Product">
                                        <granite:data
                                            jcr:primaryType="nt:unstructured"
                                            root="${catalogPath}"
                                            selectionid="slug"/>
                                        <granite:rendercondition
                                            jcr:primaryType="nt:unstructured"
                                            path="${requestPathInfo.suffix}"
                                            sling:resourceType="commerce/gui/components/authoring/editor/pagepreview/renderconditions/isproductdetailpage"/>
                                    </previewpdp>
                                    <previewplp
                                            granite:rel="cq-commerce-cifcategorypicker-activator cq-commerce-plp-preview-activator"
                                            granite:title="View with Category"
                                            jcr:primaryType="nt:unstructured"
                                            sling:resourceType="granite/ui/components/coral/foundation/button"
                                            text="View with Category">
                                        <granite:data
                                                jcr:primaryType="nt:unstructured"
                                                root="${catalogPath}"
                                                selectionid="id"/>
                                        <granite:rendercondition
                                                jcr:primaryType="nt:unstructured"
                                                path="${requestPathInfo.suffix}"
                                                sling:resourceType="commerce/gui/components/authoring/editor/pagepreview/renderconditions/isproductlistpage"/>
                                    </previewplp>
                                    <help/>
                                    <fragmentproperties/>
                                </items>
                            </list>
                        </items>
                    </pageinfopopover>
                </items>
            </headerbar>
        </items>
    </header>
</jcr:root>