{
  "CHANGELOG.md": "74b5b09eb39059e267dc51839e818d62",
  "CONTRIBUTING.md": "8df0e5be30b6bca932fb5e34c2264522",
  "Gemfile": "38e0d1163b42b36487897d394a6aef55",
  "Gemfile.lock": "7290503708912ae8cf7ff283fac35741",
  "LICENSE": "05df9f06e6263ae53512bb080bcaf16b",
  "README.md": "90b6c18afd022b04ffee3d3467e6434c",
  "Rakefile": "5abb3039d1d1652ede4f99b0f646d6ab",
  "examples/archive.pp": "746a5a2dbdfd47042e9d39aff915894c",
  "examples/artifactory.pp": "7702ed4d2195ba48f2d99939d2890b7a",
  "examples/bad_source.pp": "22f4e83c82a080ce5f686c2d8c4b83c7",
  "examples/cookie.pp": "725e603ffc7f4e64c49e80d9a4afdba7",
  "examples/duplicate.pp": "eb7ff26392276f13bdf56bbefe88b0e1",
  "examples/ftp.pp": "29f421c35e914605b61f7a1e9b77f33a",
  "examples/init.pp": "d41d8cd98f00b204e9800998ecf8427e",
  "examples/java.pp": "1720496a4c763b8c68575334ae5239bf",
  "examples/large_file.pp": "de93f8d8ea37469f5f148be7e0e87d24",
  "examples/local.pp": "bddce65158efaf6b1bf7557d34258382",
  "examples/nexus.pp": "1870eeb38c8e36d4585aa968ee378de3",
  "examples/remote_checksum.pp": "f598e6a52f98f9f2c916796eaa03f10d",
  "examples/ruby.pp": "3d78e0827481bc911250562fe6b9be28",
  "examples/s3.pp": "351b5fbff04ff19d821f0851fb782352",
  "examples/tomcat.pp": "63ea76de259f6ab4931ce55101b80163",
  "files/test.zip": "557e2ebb67b35d1fddff18090b6bc26b",
  "lib/facter/archive_windir.rb": "a646f8234e87041223c97dd919801ad8",
  "lib/puppet/parser/functions/artifactory_sha1.rb": "4838e5244aa4c24c3a3581faa7863ada",
  "lib/puppet/parser/functions/assemble_nexus_url.rb": "d37ee34c8b63728eefeca30ee3965509",
  "lib/puppet/parser/functions/go_md5.rb": "845b2d433175a617d9a28cd33c25c3c5",
  "lib/puppet/provider/archive/curl.rb": "0e994a1a78ac64ca4ae51f6d63873cc7",
  "lib/puppet/provider/archive/ruby.rb": "d3b511b8612ae6766571708fb4126908",
  "lib/puppet/provider/archive/wget.rb": "bc5b55f585bad751f988c03a09cea71e",
  "lib/puppet/type/archive.rb": "83236cb07ca17fe2975db6ec6558e1a7",
  "lib/puppet_x/bodeco/archive.rb": "72c33f95411dcdfabfa6f402e267cedd",
  "lib/puppet_x/bodeco/cacert.pem": "d7f7dd7e3ede3e323fc0e09381f16caf",
  "lib/puppet_x/bodeco/util.rb": "d4be5d42e0337fdfcc059ed6f340b078",
  "manifests/artifactory.pp": "754390125e0ec097e2d1f12f7dbb10dd",
  "manifests/download.pp": "8ff8065284dd6ad902824a3af466f09b",
  "manifests/go.pp": "49d64e24c8493a1dae29bf07783796ff",
  "manifests/init.pp": "90d6b8d85b06237e94f8e8f5dde2767c",
  "manifests/nexus.pp": "4581bd1573ac50ca203361ba6d482409",
  "manifests/params.pp": "4285e581ebb16f184c6b7a94456fa65a",
  "manifests/staging.pp": "4a54114d37f89f3293b7afc526925e90",
  "metadata.json": "634a7aa366ab8eba680515a3ca59b1ff",
  "spec/acceptance/nodesets/centos-511-x64.yml": "ca8258bc835dd985a1754689d124cd66",
  "spec/acceptance/nodesets/centos-66-x64-pe.yml": "e68e03dc562bf58f7c5bba54a1a34619",
  "spec/acceptance/nodesets/centos-66-x64.yml": "7ffa6d9164a88668fcd51a1988c4dc03",
  "spec/acceptance/nodesets/centos-72-x64.yml": "194841a65e8835ac9ee6620e60b58f80",
  "spec/acceptance/nodesets/debian-78-x64.yml": "56af2760a64c13a0bccd59404435939c",
  "spec/acceptance/nodesets/debian-82-x64.yml": "26f2f696e6073549fe0a844f9a46f85b",
  "spec/acceptance/nodesets/docker/centos-5.yml": "7be89192f37653cc187d6d5212d9ff3e",
  "spec/acceptance/nodesets/docker/centos-6.yml": "4f135653fce91e0a0547f7caa0ba48b8",
  "spec/acceptance/nodesets/docker/centos-7.yml": "5e0899d3028494d59cdcb2fec140ebe9",
  "spec/acceptance/nodesets/docker/debian-7.yml": "4fefe3d2526ed8961ec21273799a5e8b",
  "spec/acceptance/nodesets/docker/debian-8.yml": "33dfd53fba67debe3962413fd17ffeb9",
  "spec/acceptance/nodesets/docker/ubuntu-12.04.yml": "cd32551771ad120f5c060c208ef48f4e",
  "spec/acceptance/nodesets/docker/ubuntu-14.04.yml": "e0db14c00ab3c01ff88313df2e7b4d5d",
  "spec/acceptance/nodesets/docker/ubuntu-16.04.yml": "936ee4f65c533165cea0c610a9071f8c",
  "spec/acceptance/nodesets/fedora-24-x64.yml": "431cd85b87a65a55af193a360aa52f26",
  "spec/acceptance/nodesets/fedora-25-x64.yml": "d0f3867787d6eec15fb1da4d9a7ee1ef",
  "spec/acceptance/nodesets/ubuntu-server-1204-x64.yml": "0dd7639bf95bfb18169ebba9a2bac163",
  "spec/acceptance/nodesets/ubuntu-server-1404-x64.yml": "7455367b784060b921360b29a56cd74c",
  "spec/acceptance/nodesets/ubuntu-server-1604-x64.yml": "37673118cc3bf052755d65fb5dd90226",
  "spec/classes/archive_spec.rb": "df73006d8b34ad510dfc664e9db0e76e",
  "spec/classes/coverage_spec.rb": "166c74e93a4e70e9de79ae69f3c10e1d",
  "spec/classes/staging_spec.rb": "fbfaa25028b2617fad96275723e93ad5",
  "spec/default_facts.yml": "3da74b0aff340a4fbcca9cc4eba104c1",
  "spec/defines/artifactory_spec.rb": "7e337e830eb959e91d41f5502457843f",
  "spec/defines/go_spec.rb": "5411f4374ebc7eb95e8215f1158a0aed",
  "spec/defines/nexus_spec.rb": "106f209ae404f270b95cf1aee0f6781b",
  "spec/fixtures/checksum/artifactory.json": "d6c742ed498965664c6f4f92efe950bb",
  "spec/fixtures/checksum/gocd.md5": "36c84e1eec9b651d51c1287d02c92105",
  "spec/spec_helper.rb": "9f581c2a5e38c83514639d9e687d78d7",
  "spec/support/shared_behaviour.rb": "5a430e7696895ba255fe556f51ec68b1",
  "spec/support/shared_contexts.rb": "29aacfd14043366fa8fe9a4f575b5b8e",
  "spec/unit/facter/archive_windir_spec.rb": "d192bbfe035d0fcf5f656706b88971b7",
  "spec/unit/puppet/parser/functions/artifactory_sha1_spec.rb": "309bbbd7bfa61d7845bc4a5f17c825bd",
  "spec/unit/puppet/parser/functions/assemble_nexus_url_spec.rb": "33f0261a3d7da977ae0126732f9ba9c5",
  "spec/unit/puppet/parser/functions/go_md5_spec.rb": "ccc8ef4e5900d7554cc5e5dc762fe458",
  "spec/unit/puppet/provider/archive/curl_spec.rb": "4519786c2217f0459cbd26a0e1a611fb",
  "spec/unit/puppet/provider/archive/ruby_spec.rb": "017c0f902db7f4ff47f9d6e5111b812c",
  "spec/unit/puppet/provider/archive/wget_spec.rb": "fe4d7af187cc9ca72df43500cf21cf21",
  "spec/unit/puppet/type/archive_spec.rb": "a073d8de368c280d6df564a066042694",
  "spec/unit/puppet_x/bodeco/archive_spec.rb": "04dd152af681c4e9380744fb9d143de3"
}