{
  "tileList": [
    {
      "link" : "#",
      "number" : "75%",
      "headline" : "Lorem ipsum dolor sit (37 characters)",
      "progress" : {
        "max" : "100",
        "progressValue" : "75",
        "label" : "75%"

      }
    },
    {
      "link" : "#",
      "number" : "75%",
      "headline" : "Lorem ipsum dolor sit (37 characters)",
      "progress" : {
        "max" : "100",
        "progressValue" : "75",
        "label" : "75%"

      }
    },
    {
      "link" : "#",
      "number" : "75%",
      "headline" : "Lorem ipsum dolor sit (37 characters)",
      "progress" : {
        "max" : "100",
        "progressValue" : "75",
        "label" : "75%"

      }
    },
    {
      "link" : "#",
      "number" : "75%",
      "headline" : "Lorem ipsum dolor sit (37 characters)",
      "progress" : {
        "max" : "100",
        "progressValue" : "75",
        "label" : "75%"

      }
    }
  ]
}