{
  "toutList" : [
    {
      "link" : "#",
      "img" : {"src" : "/etc/designs/patternlab-demo/clientlib/images/fpo_16x9.png", "alt" : "landscape"},
      "headline" : "Tout headline"
    },
    {
      "link" : "#",
      "img" : {"src" : "/etc/designs/patternlab-demo/clientlib/images/fpo_16x9.png", "alt" : "landscape"},
      "headline" : "Tout headline"
    },
    {
      "link" : "#",
      "img" : {"src" : "/etc/designs/patternlab-demo/clientlib/images/fpo_16x9.png", "alt" : "landscape"},
      "headline" : "Tout headline"
    }
  ]
}