<?xml version="1.0" encoding="UTF-8"?>
<jcr:root xmlns:sling="http://sling.apache.org/jcr/sling/1.0" 
    xmlns:cq="http://www.day.com/jcr/cq/1.0" 
    xmlns:jcr="http://www.jcp.org/jcr/1.0" 
    xmlns:nt="http://www.jcp.org/jcr/nt/1.0" 
    jcr:primaryType="cq:Page">
    <jcr:content cq:template="/conf/venia/settings/wcm/templates/product-page" 
        jcr:mixinTypes="[cq:LiveRelationship]" 
        jcr:primaryType="cq:PageContent" 
        jcr:title="Venia Demo Store - Product page"
        sling:resourceType="venia/components/page"
        sling:sitemapRoot="{Boolean}true">
        <root jcr:primaryType="nt:unstructured"
            jcr:mixinTypes="[cq:LiveRelationship]"  
            sling:resourceType="venia/components/container" 
            layout="responsiveGrid">
            <container jcr:primaryType="nt:unstructured"
                jcr:mixinTypes="[cq:LiveRelationship]" 
                sling:resourceType="venia/components/container">
                <container jcr:primaryType="nt:unstructured"
                    jcr:mixinTypes="[cq:LiveRelationship]" 
                    sling:resourceType="venia/components/container" 
                    layout="responsiveGrid">
                    <product jcr:primaryType="nt:unstructured"
                        jcr:mixinTypes="[cq:LiveRelationship]"
                        sling:resourceType="venia/components/commerce/product" />
                    <contentfragment_153020966 cq:styleIds="[1623400982190]"
                        jcr:created="{Date}2021-10-11T13:15:30.064+02:00"
                        jcr:createdBy="admin"
                        jcr:lastModified="{Date}2021-10-11T14:21:51.244+02:00"
                        jcr:lastModifiedBy="admin"
                        jcr:primaryType="nt:unstructured"
                        sling:resourceType="venia/components/commerce/contentfragment"
                        displayMode="multi"
                        elementNames="stylist"
                        linkElement="sku"
                        modelPath="/conf/venia/settings/dam/cfm/models/product-marketing-data-model"
                        paragraphScope="all"
                        text="" />
                    <experiencefragment cq:isCancelledForChildren="{Boolean}true"
                        jcr:mixinTypes="[cq:LiveRelationship,cq:LiveSyncCancelled]"
                        jcr:primaryType="nt:unstructured"
                        sling:resourceType="venia/components/commerce/experiencefragment"
                        fragmentLocation="bottom">
                        <cq:responsive jcr:primaryType="nt:unstructured">
                            <default jcr:primaryType="nt:unstructured"
                                offset="0"
                                width="12" />
                        </cq:responsive>
                    </experiencefragment>
                </container>
            </container>
        </root>
    </jcr:content>
</jcr:root>