{
	"jcr:primaryType": "slick:page",
	"sling:resourceType": "slick/author/item/list",
	"title": "Posts",
	"description": "Published",
	"menuOrder": 100,
	"slickType": "posts",
	"publishStatus": "publish",
	"item": {
		"jcr:primaryType": "slick:page",
		"sling:resourceType": "slick/author/item/edit",
		"title": "Edit Post",
		"description": "New",
		"slickType": "posts"
	},
	"drafts": {
		"jcr:primaryType": "slick:page",
		"sling:resourceType": "slick/author/item/list",
		"title": "Posts",
		"description": "Drafts",
		"menuOrder": 100,
		"slickType": "posts",
		"publishStatus": "draft"
	}
}