<?xml version="1.0" encoding="UTF-8"?>
<jcr:root xmlns:sling="http://sling.apache.org/jcr/sling/1.0" xmlns:cq="http://www.day.com/jcr/cq/1.0" xmlns:jcr="http://www.jcp.org/jcr/1.0" xmlns:nt="http://www.jcp.org/jcr/nt/1.0"
    jcr:primaryType="cq:Page">
    <jcr:content
        cq:deviceGroups="[mobile/groups/responsive]"
        cq:template="/conf/venia/settings/wcm/templates/page-content"
        jcr:primaryType="cq:PageContent"
        sling:resourceType="venia/components/page">
        <root jcr:primaryType="nt:unstructured"
            sling:resourceType="venia/components/container">
            <header jcr:primaryType="nt:unstructured"
                sling:resourceType="venia/components/experiencefragment"
                fragmentVariationPath="/content/experience-fragments/venia/us/en/site/header/master"/>
            <container jcr:primaryType="nt:unstructured"
                sling:resourceType="venia/components/container"
                layout="responsiveGrid">
                <breadcrumb jcr:primaryType="nt:unstructured"
                    sling:resourceType="venia/components/commerce/breadcrumb"
                    startLevel="3"
                    structureDepth="2"/>
                <container jcr:primaryType="nt:unstructured"
                    sling:resourceType="venia/components/container"
                    editable="{Boolean}true" />
            </container>
            <footer jcr:created="{Date}2019-03-05T11:43:17.308+02:00"
                jcr:primaryType="nt:unstructured"
                sling:resourceType="venia/components/experiencefragment"
                fragmentVariationPath="/content/experience-fragments/venia/us/en/site/footer/master"/>
        </root>
        <cq:responsive jcr:primaryType="nt:unstructured">
            <breakpoints jcr:primaryType="nt:unstructured">
                <phone jcr:primaryType="nt:unstructured"
                    title="Smaller Screen"
                    width="{Long}768"/>
                <tablet jcr:primaryType="nt:unstructured"
                    title="Tablet"
                    width="{Long}1200"/>
            </breakpoints>
        </cq:responsive>
    </jcr:content>
</jcr:root>
