{
    "home": {
        "sling:internalRedirect": "/content/slick/publish/posts.html",
        "jcr:primaryType": "sling:Mapping",
        "sling:match": "localhost.8080/$"
    },
    "robot_or_not": {
        "sling:internalRedirect": "/etc/slick/designs/slick/dist/txt/robots.txt",
        "jcr:primaryType": "sling:Mapping",
        "sling:match": "localhost.8080/robots.txt"
    },
    "favicon": {
        "sling:internalRedirect": "/etc/slick/designs/slick/dist/img/favicon.ico",
        "jcr:primaryType": "sling:Mapping",
        "sling:match": "localhost.8080/favicon.ico"
    },
    "author": {
        "sling:match": "localhost.8080/author(.+)$",
        "sling:internalRedirect": ["/content/slick/author$1","$1"],
        "jcr:primaryType": "sling:Mapping"
    },
    "localhost.8080": {
        "sling:internalRedirect": ["/content/slick/publish"],
        "jcr:primaryType": "sling:Mapping",
        "redirect": {
            "sling:internalRedirect": ["/content/slick/publish/$1","/$1"],
            "jcr:primaryType": "sling:Mapping",
            "sling:match": "(.+)$"
        }
    }
}