{
  "jcr:primaryType": "sling:Folder",
  "sling:resourceType": "composum/nodes/browser/query/template/set",
  "by-types": {
    "jcr:primaryType": "nt:unstructured",
    "sling:resourceType": "composum/nodes/browser/query/template",
    "jcr:title": "search resources by types",
    "group": "Nodes",
    "order": 60,
    "jcr:description": "\u003cp\u003eis searching all nodes with matching resource type (\u0027like\u0027 rule) of the given primary type which are descendants of the specified root node\u003c/p\u003e\u003cp\u003ethe \u0027root path\u0027, the \u0027resource type\u0027 pattern and the \u0027primary type\u0027 value are placeholders mapped to query parameter values; a placeholder can have a \u0027type\u0027 (currently \u0027path \u0027 only) and \u0027grow\u0027 sizing hint (e.g. \u0027root_path.path.2\u0027); up to four placeholders patterns are scanned\u003c/p\u003e",
    "sql2": "select n.* from [${primary_type}] as n where n.[sling:resourceType] like \u0027${resource_type.4}\u0027 and isdescendantnode(n,[${root_path.path.2}])",
    "xpath": "/jcr:root${root_path.path.2}//*[jcr:like(@sling:resourceType,\u0027${resource_type.4}\u0027) and @jcr:primaryType\u003d\u0027${primary_type}\u0027]"
  },
  "by-resource-type": {
    "jcr:primaryType": "nt:unstructured",
    "sling:resourceType": "composum/nodes/browser/query/template",
    "jcr:title": "search by resource types",
    "group": "Nodes",
    "order": 90,
    "jcr:description": "\u003cp\u003eis searching all nodes with matching resource type (\u0027like\u0027 rule)\u003c/p\u003e",
    "sql2": "select n.* from [nt:base] as n where n.[sling:resourceType] like \u0027${resource_type.3}\u0027 and isdescendantnode(n,[${root_path.path}])",
    "xpath": "/jcr:root${root_path.path}//*[jcr:like(@sling:resourceType,\u0027${resource_type.3}\u0027)]"
  },
  "by-node-type": {
    "jcr:primaryType": "nt:unstructured",
    "sling:resourceType": "composum/nodes/browser/query/template",
    "jcr:title": "search by primary or mixin type",
    "group": "Nodes",
    "order": 120,
    "jcr:description": "\u003cp\u003eis searching all nodes with matching node type\u003c/p\u003e",
    "xpath": "/jcr:root${root_path.path}//*[@jcr:primaryType\u003d\u0027${type}\u0027 or @jcr:mixinTypes\u003d\u0027${type}\u0027]"
  },
  "by-uuid": {
    "jcr:primaryType": "nt:unstructured",
    "sling:resourceType": "composum/nodes/browser/query/template",
    "jcr:title": "search by jcr:uuid",
    "group": "Nodes",
    "order": 120,
    "jcr:description": "\u003cp\u003eis searching for a node with a specific uuid\u003c/p\u003e",
    "xpath": "/jcr:root//*[@jcr:uuid\u003d\u0027${uuid}\u0027]"
  }
}
