{
  "CHANGELOG.md": "e51208519c13999f1e9551090c0c4fc6",
  "CONTRIBUTING.md": "4d17f3c942e7c93d1577cc4438a231e4",
  "Gemfile": "47f2bb73e730d42a921e7bca4449f5aa",
  "LICENSE": "3b83ef96387f14655fc854ddc3c6bd57",
  "MAINTAINERS.md": "b40ec4f2c16145af6f723c2c34bb2ff9",
  "NOTICE": "b2e552587e5969886fdd60481e8b0351",
  "README.md": "f0861f0c9c5d5661ed690a9e99c43e3c",
  "README_DEVELOPER.markdown": "220a8b28521b5c5d2ea87c4ddb511165",
  "README_SPECS.markdown": "82bb4c6abbb711f40778b162ec0070c1",
  "RELEASE_PROCESS.markdown": "94b92bc99ac4106ba1a74d5c04e520f9",
  "Rakefile": "892f5f56e24ac668b998bb74fb18035e",
  "appveyor.yml": "105dce352be3244a497e667f6b0403c7",
  "examples/file_line.pp": "d8126b139dd1dce21ff26910d1c5a245",
  "examples/has_interface_with.pp": "d69d520cf3ff4d0b495480afaca359ef",
  "examples/has_ip_address.pp": "32f42575e49aa66f0f2398a70ae2a9f4",
  "examples/has_ip_network.pp": "bfb8db068c58d77c4dd7ae9697536537",
  "examples/init.pp": "b52fd907330ddbd9c3e070cf39f7b317",
  "lib/facter/facter_dot_d.rb": "9f65108ecd7b8c5ce9c90ab4cd9d45be",
  "lib/facter/package_provider.rb": "12d57e65f9b90c13e7808c347fbdc0b0",
  "lib/facter/pe_version.rb": "245bb8ea121e8a55e1a38668cc480530",
  "lib/facter/puppet_settings.rb": "d86bacf2b962a4744b701868cda31729",
  "lib/facter/root_home.rb": "b384092f0470b9e2177edaf546de2ec1",
  "lib/facter/service_provider.rb": "66cc42526eae631e306b397391f1f01c",
  "lib/facter/util/puppet_settings.rb": "f69007bcc02031cd772fa7f2dffa3c0c",
  "lib/puppet/functions/deprecation.rb": "705115a036e0235840db59cf9f4c17fe",
  "lib/puppet/functions/fact.rb": "5879006198f1f4106acfe13422087d56",
  "lib/puppet/functions/is_a.rb": "5a61d6a34ef45d7a5490455f334ef48a",
  "lib/puppet/functions/is_absolute_path.rb": "0806756fc12b1fc752d1b54e81b15832",
  "lib/puppet/functions/is_array.rb": "4d5c8d6af4e481ebb42f73b6504685c8",
  "lib/puppet/functions/is_bool.rb": "9ae803c605c5ed057508c6501ef1a47f",
  "lib/puppet/functions/is_float.rb": "ebe18dc0096233fcd555423761fc29f2",
  "lib/puppet/functions/is_ip_address.rb": "ab9a1c6172db59cc15023f220853e2f2",
  "lib/puppet/functions/is_ipv4_address.rb": "dec325b5911ce409b16c643697a13822",
  "lib/puppet/functions/is_ipv6_address.rb": "f4864fee72c42bd3e40914768fb10f8e",
  "lib/puppet/functions/is_numeric.rb": "970d785070eaa02bcac3e0589a8d5e7f",
  "lib/puppet/functions/is_string.rb": "5aa459896fda1782f74752a1d324f048",
  "lib/puppet/functions/length.rb": "3f6b0510bfe134241e4529d3f1a5318d",
  "lib/puppet/functions/sprintf_hash.rb": "50fc7c6e57c098b7e6a594e1fd0d9904",
  "lib/puppet/functions/to_json.rb": "bb6893a3e9eb6c48064c5a3c0bd4a41a",
  "lib/puppet/functions/to_json_pretty.rb": "61ff20121b4c09987eadf3242b6231cf",
  "lib/puppet/functions/to_yaml.rb": "0358dfd97b9a051e15046c6842b327be",
  "lib/puppet/functions/type_of.rb": "4ee9c082047c08b8b1a82bc0bef8fd78",
  "lib/puppet/functions/validate_absolute_path.rb": "556b0e3de450f03d724747d7d3825309",
  "lib/puppet/functions/validate_array.rb": "efe329c6c8f65fce1ae2560fa5751530",
  "lib/puppet/functions/validate_bool.rb": "5516a0f2efb48eeb4460fc713c6f9521",
  "lib/puppet/functions/validate_hash.rb": "ce99bea6e1ee4da1a67b53b3ce06ce96",
  "lib/puppet/functions/validate_integer.rb": "c028b299f194c221002ba442077e9209",
  "lib/puppet/functions/validate_ip_address.rb": "278f3e0ea96b4b31e7b85c13887079b6",
  "lib/puppet/functions/validate_ipv4_address.rb": "bd015492af1f3c4bef7ac780ae1c7e61",
  "lib/puppet/functions/validate_ipv6_address.rb": "5144a327b6850ed5b7fb26fa37113353",
  "lib/puppet/functions/validate_legacy.rb": "789bdef436873b6fcc8205c6d2270e43",
  "lib/puppet/functions/validate_numeric.rb": "2bd2733f44749e0e56940ceaf5d8e2f8",
  "lib/puppet/functions/validate_re.rb": "12c3412a7383b1d258dba5d4307e9464",
  "lib/puppet/functions/validate_slength.rb": "1fc441736085bd0b5c7862f5dc9f839a",
  "lib/puppet/functions/validate_string.rb": "c0fe867d3b5f8fbcaa3641f0f393a669",
  "lib/puppet/parser/functions/abs.rb": "176df45128a7b89c9ec6a6c6918d8c30",
  "lib/puppet/parser/functions/any2array.rb": "60cdb0bdfabff0115e74eda31c5c869b",
  "lib/puppet/parser/functions/any2bool.rb": "4bafd2903a5e7992b4a8af476f05f46a",
  "lib/puppet/parser/functions/assert_private.rb": "c61884d43ebdb5ee5a5aa1507165084a",
  "lib/puppet/parser/functions/base64.rb": "6216cc60b71949724e21b0be4dbac316",
  "lib/puppet/parser/functions/basename.rb": "6b0dc955024352c8007d175f900dba36",
  "lib/puppet/parser/functions/bool2num.rb": "bfeeac22e909c76dc5a0d55441f39a27",
  "lib/puppet/parser/functions/bool2str.rb": "e9e1c441e3b3c51b8b0734d12e9a63a5",
  "lib/puppet/parser/functions/camelcase.rb": "13f3125b1bcb6ce7794385aea6cbc4c0",
  "lib/puppet/parser/functions/capitalize.rb": "0a039c4bcd3a73dab80b389332457f0d",
  "lib/puppet/parser/functions/ceiling.rb": "c4af0da229909c00b2adda7bdd3f0d93",
  "lib/puppet/parser/functions/chomp.rb": "ebb5eb5e2020ec84c00477777f29b6bc",
  "lib/puppet/parser/functions/chop.rb": "6a7d4154b326e84e478eb4a17aa55e74",
  "lib/puppet/parser/functions/clamp.rb": "eeaed011946f4dec98870815e7c1657c",
  "lib/puppet/parser/functions/concat.rb": "02a6ba0560a005b5f92aec096ce26e09",
  "lib/puppet/parser/functions/convert_base.rb": "438da17946864b835e38155b8f72a184",
  "lib/puppet/parser/functions/count.rb": "0241b1bd0bc8de6426b7d077a54f56fe",
  "lib/puppet/parser/functions/deep_merge.rb": "fae771cff4fc1d6c639bea1672e05c9c",
  "lib/puppet/parser/functions/defined_with_params.rb": "0e2a92b10efb6c502df6a52f35cf7983",
  "lib/puppet/parser/functions/delete.rb": "ec0bb949e24d1b9ca6c749af0ab18de9",
  "lib/puppet/parser/functions/delete_at.rb": "4a6bde67835592dafa48bca7bb8af939",
  "lib/puppet/parser/functions/delete_regex.rb": "ee86f13f796e61e41c62ee91f8349735",
  "lib/puppet/parser/functions/delete_undef_values.rb": "247a52c41dc02375b50ac3c1791f4c09",
  "lib/puppet/parser/functions/delete_values.rb": "0a979383ac73e1bf82278e0eb104842c",
  "lib/puppet/parser/functions/deprecation.rb": "9f935fec2f9f0d01394292eb6f21bd7d",
  "lib/puppet/parser/functions/difference.rb": "e3d3006b7f50fc0fad1616ec53f21614",
  "lib/puppet/parser/functions/dig.rb": "d315de1659a037430fea9623bff323a6",
  "lib/puppet/parser/functions/dig44.rb": "2317ddee7dbda385e2f964655fe6ad88",
  "lib/puppet/parser/functions/dirname.rb": "240597e264df02effa454cf9cb8bb9e7",
  "lib/puppet/parser/functions/dos2unix.rb": "ab2f9f280c616be55f58903948e226a2",
  "lib/puppet/parser/functions/downcase.rb": "3e6b908548607a55ee426e8be16fb46c",
  "lib/puppet/parser/functions/empty.rb": "f9dcb1b4cb0abb671294d5283e673ee5",
  "lib/puppet/parser/functions/enclose_ipv6.rb": "89c728eb11f71ed9390664bad9732328",
  "lib/puppet/parser/functions/ensure_packages.rb": "a0b4bdc14613d4b8c396b4e02a1aa33d",
  "lib/puppet/parser/functions/ensure_resource.rb": "2915c77baa0d45531912613dd1cac902",
  "lib/puppet/parser/functions/ensure_resources.rb": "805d56e894c9dcca2595464fa87a7c56",
  "lib/puppet/parser/functions/flatten.rb": "54fd2d9d7bc7cd4f9889554da6094dd8",
  "lib/puppet/parser/functions/floor.rb": "f0a70977110525dc4aa6b109db9ff9e4",
  "lib/puppet/parser/functions/fqdn_rand_string.rb": "731365381b6a28a196e108329e16c6c2",
  "lib/puppet/parser/functions/fqdn_rotate.rb": "3925369078084f98f9b527d25cc9e4d2",
  "lib/puppet/parser/functions/fqdn_uuid.rb": "adbd60dbcc561c8586567a6e58abec82",
  "lib/puppet/parser/functions/get_module_path.rb": "e141ce049d4ace6d12b50d6b171b029c",
  "lib/puppet/parser/functions/getparam.rb": "84c7358b24f0a5e45c1ad523c196817e",
  "lib/puppet/parser/functions/getvar.rb": "835e6b79e209a541e125cdaddefb3396",
  "lib/puppet/parser/functions/glob.rb": "f8177554be6da357b0822edaa7eb8d14",
  "lib/puppet/parser/functions/grep.rb": "b2e7e32188a1cb4f1dafa375ba9b8b14",
  "lib/puppet/parser/functions/has_interface_with.rb": "422015811c5b7c0656b83eaea3b8fdcc",
  "lib/puppet/parser/functions/has_ip_address.rb": "fc76c9a87145560f58a4ae9a6d9df444",
  "lib/puppet/parser/functions/has_ip_network.rb": "b1bb1868e6fef95f8ae840d420ab0816",
  "lib/puppet/parser/functions/has_key.rb": "572f8a648c74c0b774718991a88adc56",
  "lib/puppet/parser/functions/hash.rb": "5730e6a297b9064c12d3484a2ae31010",
  "lib/puppet/parser/functions/intersection.rb": "6436444eb8585ee71cfd5bd1e0802026",
  "lib/puppet/parser/functions/is_absolute_path.rb": "268600b66670a29690be009d45013d42",
  "lib/puppet/parser/functions/is_array.rb": "0e425e55c8ce9cc5e327d53d114391ba",
  "lib/puppet/parser/functions/is_bool.rb": "4e021a5143c2c98b31344acceda5fbe2",
  "lib/puppet/parser/functions/is_domain_name.rb": "1abf04d1d57de6f7f630045c0efe5e4c",
  "lib/puppet/parser/functions/is_email_address.rb": "d11c644fa1bd73f8e1d36c4f9e67272e",
  "lib/puppet/parser/functions/is_float.rb": "b95a00f15242e3f26a5cf129db7d31e5",
  "lib/puppet/parser/functions/is_function_available.rb": "3bb60da5789493da017f84d48ac46f08",
  "lib/puppet/parser/functions/is_hash.rb": "3f74a7e9b6e47b834c4ad58939c27eab",
  "lib/puppet/parser/functions/is_integer.rb": "e3480725fccac1c7eba28162dc62393d",
  "lib/puppet/parser/functions/is_ip_address.rb": "3616dacf58febcd4944945d3c2647efe",
  "lib/puppet/parser/functions/is_ipv4_address.rb": "7930d25d23d92f0e5cb81f93315cea16",
  "lib/puppet/parser/functions/is_ipv6_address.rb": "c206564af3a738e504afca2284497d3c",
  "lib/puppet/parser/functions/is_mac_address.rb": "b75e440d5594b879b70cf034fc52cd51",
  "lib/puppet/parser/functions/is_numeric.rb": "4bd1a47192ce4040810819789fbf3147",
  "lib/puppet/parser/functions/is_string.rb": "cf06fecd6147bea77d406a189b649f81",
  "lib/puppet/parser/functions/join.rb": "aed0b418cc216d86f3beaa5f2302279b",
  "lib/puppet/parser/functions/join_keys_to_values.rb": "5ad99136e59a68064c24dd2933727c57",
  "lib/puppet/parser/functions/keys.rb": "d65816215c6c7736bcfe393e7d9d3bf4",
  "lib/puppet/parser/functions/load_module_metadata.rb": "4972bafc84e5b7ce4a00cbee21aece18",
  "lib/puppet/parser/functions/loadjson.rb": "b6e43c28dee4a74a7312af41393d09de",
  "lib/puppet/parser/functions/loadyaml.rb": "9066804fd56894210d4d064aab9df406",
  "lib/puppet/parser/functions/lstrip.rb": "de231169f63d922b72b754521488bca5",
  "lib/puppet/parser/functions/max.rb": "3406e6e1da36ed126ca7a359dbbcbb23",
  "lib/puppet/parser/functions/member.rb": "4f8639d96fbd17cd194224794dd9f279",
  "lib/puppet/parser/functions/merge.rb": "e867f9f9340d7bf5b85141d2f7ec2392",
  "lib/puppet/parser/functions/min.rb": "6243d16650b1787f017f587b5be276f3",
  "lib/puppet/parser/functions/num2bool.rb": "35f42a4339b34d0b1efc6a6c3b2d3b69",
  "lib/puppet/parser/functions/parsejson.rb": "fee0dc33cd6e18b0d9a5fe8befb66cd2",
  "lib/puppet/parser/functions/parseyaml.rb": "f4b67d011970c1799bc6fb36a3caf1f2",
  "lib/puppet/parser/functions/pick.rb": "4a4ba9288a233a4bcdbdc59ecac80be0",
  "lib/puppet/parser/functions/pick_default.rb": "6b0ccac1913a85e540a3de20c6a88096",
  "lib/puppet/parser/functions/prefix.rb": "3d268ec646255199ade4b01b719a59ed",
  "lib/puppet/parser/functions/private.rb": "a1f44a1c32da00aa14f474f4f303be87",
  "lib/puppet/parser/functions/pry.rb": "970544bf6308b7b6902b936063a45109",
  "lib/puppet/parser/functions/pw_hash.rb": "07fea662493e5b2ffcf37dbb4c4e74b9",
  "lib/puppet/parser/functions/range.rb": "60d786031129d4a495a67468d4b5219d",
  "lib/puppet/parser/functions/regexpescape.rb": "d7d22f987d616f2b5ec9d967f1528f53",
  "lib/puppet/parser/functions/reject.rb": "31f5f65be6f710d6856ffce75c432271",
  "lib/puppet/parser/functions/reverse.rb": "3f96ffed2afe4987da5039de2d56f38b",
  "lib/puppet/parser/functions/round.rb": "287db8b83f3bc6652eb042682f8be698",
  "lib/puppet/parser/functions/rstrip.rb": "5042d02e81ac59068d87a2b54c784cce",
  "lib/puppet/parser/functions/seeded_rand.rb": "4f45ef0723411ff8281aaf093f0fabc2",
  "lib/puppet/parser/functions/shell_escape.rb": "6e51793b8483eb6bfc4be98b438fd47e",
  "lib/puppet/parser/functions/shell_join.rb": "4fbe23ff73932f65db696f106517887e",
  "lib/puppet/parser/functions/shell_split.rb": "cb851119ee167ccb12930c53e94333cc",
  "lib/puppet/parser/functions/shuffle.rb": "6b16497151e961fbdb6e00ec70d6bbe9",
  "lib/puppet/parser/functions/size.rb": "05cbf180420e3a3e2e5aa5be157c6951",
  "lib/puppet/parser/functions/sort.rb": "20fa47c2ccde4b37626e8d3995503f02",
  "lib/puppet/parser/functions/squeeze.rb": "e42e1d5ec9a23443d14ff07512fd695f",
  "lib/puppet/parser/functions/str2bool.rb": "b82d971cc305a19b26089cc4fd566eb0",
  "lib/puppet/parser/functions/str2saltedsha512.rb": "d4443e8985b4ce6f6e925c6f46d8456c",
  "lib/puppet/parser/functions/strftime.rb": "62b13548cc3b28b1609b7b4bd966f666",
  "lib/puppet/parser/functions/strip.rb": "ec030431f8ec17e285f18a6f60b7f269",
  "lib/puppet/parser/functions/suffix.rb": "4eff1920b75829e32fb2c2ee4aab8a24",
  "lib/puppet/parser/functions/swapcase.rb": "d1a53787b35ae9a5a643c49f4e0975a8",
  "lib/puppet/parser/functions/time.rb": "cd31abf40b4e4e22b9de8b6b27ec1a50",
  "lib/puppet/parser/functions/to_bytes.rb": "55a65ad70ea78983e7c1d6d565094c1f",
  "lib/puppet/parser/functions/try_get_value.rb": "b039b960b07a21b935baf6c78fb94612",
  "lib/puppet/parser/functions/type.rb": "857348edb913cdc4f25b2169994984cf",
  "lib/puppet/parser/functions/type3x.rb": "22c902213365c39919625d1a33d5abff",
  "lib/puppet/parser/functions/union.rb": "690e5c15a1e7b95ab4b90ee18eb48f81",
  "lib/puppet/parser/functions/unique.rb": "e448da2c183c0e19bd6e64bc423a749f",
  "lib/puppet/parser/functions/unix2dos.rb": "0aa6e66d1c47ca0bb417e248b01f6f1b",
  "lib/puppet/parser/functions/upcase.rb": "b0ed0e1ada21b9d73a00043146254335",
  "lib/puppet/parser/functions/uriescape.rb": "f2facfe201658a65a7e81199cdd1bef7",
  "lib/puppet/parser/functions/validate_absolute_path.rb": "892faf0e74b99b11190ec7fc4b78a893",
  "lib/puppet/parser/functions/validate_array.rb": "9518be91bab77e56be711d1498d119b9",
  "lib/puppet/parser/functions/validate_augeas.rb": "c5bbf1bc42b7ea024e48ab12b46f55e9",
  "lib/puppet/parser/functions/validate_bool.rb": "bea67f1a0f5fc23ee8b632000cfa63db",
  "lib/puppet/parser/functions/validate_cmd.rb": "dbb22e68eca3f6be63fb49b465b1d611",
  "lib/puppet/parser/functions/validate_domain_name.rb": "04f4b1d0be9a8a12d278f0b044f78427",
  "lib/puppet/parser/functions/validate_email_address.rb": "6dc01f14c43fdff19106a2388d01b51a",
  "lib/puppet/parser/functions/validate_hash.rb": "80f7cfb430818e1497d3b12769d8f9c4",
  "lib/puppet/parser/functions/validate_integer.rb": "edb176a717c4af6cd50d2d26e4da149d",
  "lib/puppet/parser/functions/validate_ip_address.rb": "55d0f019803d687bf95bcc64e8751ba5",
  "lib/puppet/parser/functions/validate_ipv4_address.rb": "94843b876cc92414b29223f7ac3cc3b6",
  "lib/puppet/parser/functions/validate_ipv6_address.rb": "6c10396f466f64a6f897d1be4291dd4a",
  "lib/puppet/parser/functions/validate_numeric.rb": "092cce5ed9d3a73319c48cdf9a2a822e",
  "lib/puppet/parser/functions/validate_re.rb": "df6a2cc342dad63d008ef257fde9038a",
  "lib/puppet/parser/functions/validate_slength.rb": "b20959e080f36bf320eacb472d125741",
  "lib/puppet/parser/functions/validate_string.rb": "0239e1697134605a6385ff8c9bdc066b",
  "lib/puppet/parser/functions/validate_x509_rsa_key_pair.rb": "b16e5ebaeb497e1639c7bf78d61c2b45",
  "lib/puppet/parser/functions/values.rb": "94ac0ce49d09256677f6adddd40be129",
  "lib/puppet/parser/functions/values_at.rb": "72d780badb5f600dbd6b9ca3271ee12f",
  "lib/puppet/parser/functions/zip.rb": "aef1ee868716d07b01e605ae6c4741cc",
  "lib/puppet/provider/file_line/ruby.rb": "06dd4b2bd0037fcdc8382fcd4214dda3",
  "lib/puppet/type/anchor.rb": "95867e600863019b08990277c4254cac",
  "lib/puppet/type/file_line.rb": "208655541a332e54e2d9abac0e328d33",
  "locales/config.yaml": "d3795b3334faf13674a5d1e3759064ac",
  "locales/ja/puppetlabs-stdlib.po": "805e5d893d2025ad57da8ec0614a6753",
  "locales/puppetlabs-stdlib.pot": "23c892ac0683aef4b09aabe0037750ae",
  "manifests/init.pp": "9560a09f657d7eebbfdb920cefcc1d4f",
  "manifests/stages.pp": "72eb4fa624474faf23b39e57cf1590bd",
  "metadata.json": "39391b92fcbbb4effff543a25abe371d",
  "readmes/README_ja_JP.md": "eb710c5546a02051a8a4b5b182bde556",
  "spec/acceptance/abs_spec.rb": "68e49c791f4f356278d5fae34b3cd9bf",
  "spec/acceptance/anchor_spec.rb": "96b18124a8bd485928ef49ac82072789",
  "spec/acceptance/any2array_spec.rb": "8071bc5d9616d73d29c252ca3f919300",
  "spec/acceptance/base64_spec.rb": "817503716d7df9052ca3730a8d3fa1f5",
  "spec/acceptance/bool2num_spec.rb": "b98e3dcca524e9ac2cc08979a566841d",
  "spec/acceptance/build_csv.rb": "0d4e10040cb934a78c523bebda8a2362",
  "spec/acceptance/capitalize_spec.rb": "8fb00604f391cb13c85e6e852b404697",
  "spec/acceptance/ceiling_spec.rb": "b1cfdae5039f6e40be8c81d5bc70f88c",
  "spec/acceptance/chomp_spec.rb": "b51f86c2957f9882609d3c5b0eac67df",
  "spec/acceptance/chop_spec.rb": "f097d03666e000251f567ff90fec2cfe",
  "spec/acceptance/clamp_spec.rb": "35aa8410bbd283546b3325c90c394521",
  "spec/acceptance/concat_spec.rb": "0432bcd648b43d2b9fe539543cddfadd",
  "spec/acceptance/count_spec.rb": "67c9f9083e980ab397b3d259367ac201",
  "spec/acceptance/deep_merge_spec.rb": "a29b282369d829b04784c2b7035a66b0",
  "spec/acceptance/defined_with_params_spec.rb": "0563530340cb2f802fb44e9840236037",
  "spec/acceptance/delete_at_spec.rb": "a6bae7649fcfe02eaf58660a81660a9d",
  "spec/acceptance/delete_spec.rb": "69ff71ade09add15063a1375b49d7ad9",
  "spec/acceptance/delete_undef_values_spec.rb": "258ca3da1b06afc1e6d8588eed92e8f2",
  "spec/acceptance/delete_values_spec.rb": "3a15a34628df45f6a2f25ebf14e3e4f1",
  "spec/acceptance/deprecation_spec.rb": "3298d3fc62c4f18211add9ed273df85f",
  "spec/acceptance/difference_spec.rb": "e6a0ebbdfffcd374520d40fce11d957b",
  "spec/acceptance/dirname_spec.rb": "84cad3f9b2bb6d7e36fbf8b8df1be77b",
  "spec/acceptance/downcase_spec.rb": "4b03b9a33254f5df52a76aa40a2143e5",
  "spec/acceptance/empty_spec.rb": "b89067b0975336683a38bf20a6a1f036",
  "spec/acceptance/ensure_resource_spec.rb": "d09c350ba1d0bf7ff14bacf4f1c8e487",
  "spec/acceptance/flatten_spec.rb": "54da51ee7665de8b56252d20215a3c30",
  "spec/acceptance/floor_spec.rb": "061f23967d177a6d7d728f59398ff088",
  "spec/acceptance/fqdn_rand_string_spec.rb": "33d5fa38b5f880157ea69dd25a12a332",
  "spec/acceptance/fqdn_rotate_spec.rb": "c280ce28ba57b9d67a3e3b1a0c14f342",
  "spec/acceptance/get_module_path_spec.rb": "cb34a578c336f8572835520425878d5d",
  "spec/acceptance/getparam_spec.rb": "eaa6149d19c6082d7d6cb7f81c1aa342",
  "spec/acceptance/getvar_spec.rb": "afe43ffe3e071e0c1d18b679f714fdfc",
  "spec/acceptance/grep_spec.rb": "b74c67c94d39a49e9ee395a6c5fc9c9d",
  "spec/acceptance/has_interface_with_spec.rb": "36e2cc57fb3f9044e2b93fa98eb436ab",
  "spec/acceptance/has_ip_address_spec.rb": "da00303c038e758115e96a0fb65ab9c5",
  "spec/acceptance/has_ip_network_spec.rb": "c4991bb6905d4aeba6bab1c9f7cc3fa5",
  "spec/acceptance/has_key_spec.rb": "d4eb28efd599e1eac485bf9f6ca930d3",
  "spec/acceptance/hash_spec.rb": "0736319571163989e4df71dcff017fd1",
  "spec/acceptance/intersection_spec.rb": "8bd80ad4ebf9627add63f257bf0674e4",
  "spec/acceptance/is_a_spec.rb": "ecca7dbb41739ebffcefccc2cb85722d",
  "spec/acceptance/is_array_spec.rb": "b5baf237a47ace8d53c3748c3432f226",
  "spec/acceptance/is_bool_spec.rb": "fa53d0fc3486fc6473184105fad31f2e",
  "spec/acceptance/is_domain_name_spec.rb": "963998fd1d72750dd800c8227fa9354c",
  "spec/acceptance/is_float_spec.rb": "4f4d179d4e4ca3b6f38ccca6bb855a3f",
  "spec/acceptance/is_function_available_spec.rb": "83bb5c733cf1dd2c15fa2f3add9ce61e",
  "spec/acceptance/is_hash_spec.rb": "2bfe3af74c15731b2ab251bbaf386245",
  "spec/acceptance/is_integer_spec.rb": "f68672a767a6216e3502fc08e61f4a01",
  "spec/acceptance/is_ip_address_spec.rb": "680bcb2199c16d346a65c29c6042148c",
  "spec/acceptance/is_ipv4_address_spec.rb": "5bbb9b312267da1a2124558867d0cec3",
  "spec/acceptance/is_ipv6_address_spec.rb": "05e45351f00b3c4fbfc7ec78bb9f93c6",
  "spec/acceptance/is_mac_address_spec.rb": "1971ab98b688992efadf80bd6ff5aedd",
  "spec/acceptance/is_numeric_spec.rb": "a4b6c6d0b4570672f4cf8ecea3324d9f",
  "spec/acceptance/is_string_spec.rb": "1faf6b5fc01a5924077449b3ecf22cbb",
  "spec/acceptance/join_keys_to_values_spec.rb": "d8e6a7575e96e33e44ded6c1ef4d329c",
  "spec/acceptance/join_spec.rb": "a0db319d437e05e97608cea0525d11e2",
  "spec/acceptance/keys_spec.rb": "5712c1b5fdbb268369923d4f3a7e4a5c",
  "spec/acceptance/loadjson_spec.rb": "c4a2bebd9648f8843cd394fc78691cb7",
  "spec/acceptance/loadyaml_spec.rb": "641cee5b4c85bb01033c75bc5cc9678e",
  "spec/acceptance/lstrip_spec.rb": "61355ba1f6b55cab4f75d9089509d963",
  "spec/acceptance/max_spec.rb": "fd10617940c2e30cc102aa090f69ae6e",
  "spec/acceptance/member_spec.rb": "92facc113e77834516361f7e91a6b07a",
  "spec/acceptance/merge_spec.rb": "a2d398f1b407736d576a01a350a7b378",
  "spec/acceptance/min_spec.rb": "b90fc74f13e90099e588b8de39bff084",
  "spec/acceptance/nodesets/centos-7-x64.yml": "a713f3abd3657f0ae2878829badd23cd",
  "spec/acceptance/nodesets/debian-8-x64.yml": "d2d2977900989f30086ad251a14a1f39",
  "spec/acceptance/nodesets/default.yml": "b42da5a1ea0c964567ba7495574b8808",
  "spec/acceptance/nodesets/docker/centos-7.yml": "8a3892807bdd62306ae4774f41ba11ae",
  "spec/acceptance/nodesets/docker/debian-8.yml": "ac8e871d1068c96de5e85a89daaec6df",
  "spec/acceptance/nodesets/docker/ubuntu-14.04.yml": "dc42ee922a96908d85b8f0f08203ce58",
  "spec/acceptance/num2bool_spec.rb": "a1c7ae1ae573238474264f512ceac029",
  "spec/acceptance/parsejson_spec.rb": "703943409a4942e143a9ee64428137d2",
  "spec/acceptance/parseyaml_spec.rb": "4c423fec2126c06d73b680ccedb2d92a",
  "spec/acceptance/pick_default_spec.rb": "74ef7cc0cff5613e2f5bb51860cc78f5",
  "spec/acceptance/pick_spec.rb": "883435ee18338b44d8a809df948f013a",
  "spec/acceptance/prefix_spec.rb": "6e3763b5c18208441b21d2f6eae24339",
  "spec/acceptance/pw_hash_spec.rb": "ec6cc8b96fed721a5fd1053015827070",
  "spec/acceptance/range_spec.rb": "d875cff37547b97946bebb726918c9d6",
  "spec/acceptance/reject_spec.rb": "844ab5a15688cf0d4777f78f1ba94513",
  "spec/acceptance/reverse_spec.rb": "3b1bb403962eedbdbc86f02c396bada0",
  "spec/acceptance/rstrip_spec.rb": "85a3ba1c3ab9e0fd69c8676de1ff204b",
  "spec/acceptance/shuffle_spec.rb": "c3541f8e2612d38aa11cb848ba5c2fd6",
  "spec/acceptance/size_spec.rb": "07d3e1cf5e2e8205e8aeb075d65701b7",
  "spec/acceptance/sort_spec.rb": "2985f4f244a826ef324fcd327899522f",
  "spec/acceptance/squeeze_spec.rb": "1f6dd45cab59278b021a3c8ee931a988",
  "spec/acceptance/str2bool_spec.rb": "875a523687b93ab94169ca06b02d8fc2",
  "spec/acceptance/str2saltedsha512_spec.rb": "d7552194362956fd86e7be11c49d75e9",
  "spec/acceptance/strftime_spec.rb": "d7d83f31a8b6968d7e49ed137939b03f",
  "spec/acceptance/strip_spec.rb": "86a4ceaa1d46de1686cf457e7841e591",
  "spec/acceptance/suffix_spec.rb": "3fc89836a92965f8093187554099bc5a",
  "spec/acceptance/swapcase_spec.rb": "9b90e7d7d441e998a7946fb33a7d9edd",
  "spec/acceptance/time_spec.rb": "b262929e40fb53bbaabca8fda696c5b3",
  "spec/acceptance/to_bytes_spec.rb": "0907f39eb1815eb766e18d458a44a967",
  "spec/acceptance/try_get_value_spec.rb": "2dfffd91ac418d5429b32ddb4cdb236c",
  "spec/acceptance/type3x_spec.rb": "fa30d2d82906b774d69109ad08f963b4",
  "spec/acceptance/type_spec.rb": "1d55a0ad8635c239a33a1d107bda5404",
  "spec/acceptance/union_spec.rb": "7fc2a6f6b6c4c2abb625926cd9013cca",
  "spec/acceptance/unique_spec.rb": "66bf8230e4a8a9ae15a8d2850ceb281b",
  "spec/acceptance/upcase_spec.rb": "90b5ef5ac39f4748306869bf83031d1f",
  "spec/acceptance/uriescape_spec.rb": "29ce7eea67a8b400c2f2f6d9e63390f6",
  "spec/acceptance/validate_absolute_path_spec.rb": "56bcca87397652e38f56c84f3c4865ed",
  "spec/acceptance/validate_array_spec.rb": "50273b0f02c5c45d52386d501f025712",
  "spec/acceptance/validate_augeas_spec.rb": "006d3658397e85dd497d7c612cbb3ae5",
  "spec/acceptance/validate_bool_spec.rb": "448cc97e9b277cea82a6aa15cb40cc88",
  "spec/acceptance/validate_cmd_spec.rb": "c42681ac8aed0ca83577c0205fec6aa9",
  "spec/acceptance/validate_hash_spec.rb": "e0c2114c7c365a90230335a2e8d9d817",
  "spec/acceptance/validate_ipv4_address_spec.rb": "233a114fc42a9a138902531d8b5b2b50",
  "spec/acceptance/validate_ipv6_address_spec.rb": "215aed228a0c626ee321212534b31264",
  "spec/acceptance/validate_re_spec.rb": "10eb1f29d0cd62dfafef9f99939cbc81",
  "spec/acceptance/validate_slength_spec.rb": "6c82dcb830e1d2cf66b60c425e5aa27b",
  "spec/acceptance/validate_string_spec.rb": "3e4d023775e7b11de5d1deabf4bb4e39",
  "spec/acceptance/values_at_spec.rb": "25ab415d4a3b2bbbf225f1e3410978dc",
  "spec/acceptance/values_spec.rb": "7cd9f430afad102cae1feb5d4a6cc743",
  "spec/acceptance/zip_spec.rb": "fc7b9e42b408d0fe2171b4eabfcfd585",
  "spec/fixtures/dscacheutil/root": "e1a7622f55f3d1be258c9a5b16b474be",
  "spec/fixtures/lsuser/root": "2ed657fa157372a81634539bb1a56be8",
  "spec/fixtures/test/manifests/base32.pp": "2662eb916f3830689f40decfe8fddae8",
  "spec/fixtures/test/manifests/base64.pp": "935f9c1b4ac741c58b7abd49d3cfb794",
  "spec/fixtures/test/manifests/deftype.pp": "1f2e86fa39604fdfde8fd20b9ae92813",
  "spec/fixtures/test/manifests/ensure_resources.pp": "898c473ba5641313294827f4b4845bd6",
  "spec/functions/abs_spec.rb": "eb9982a88e173ed84926afbbda41452e",
  "spec/functions/any2array_spec.rb": "3ada6ddbda41b8681ba4b924ce81d422",
  "spec/functions/any2bool_spec.rb": "903aacf741bdf4f7049cd4ee1d34d673",
  "spec/functions/assert_private_spec.rb": "c4f0ced23534a74d6478fbd7477003e7",
  "spec/functions/base64_spec.rb": "5083c40b825f86863cc2950d97d3807b",
  "spec/functions/basename_spec.rb": "beeae06a6fc449d44352031e4a61e900",
  "spec/functions/bool2num_spec.rb": "bb82d4eed099e97c5af545cdce3445d6",
  "spec/functions/bool2str_spec.rb": "286b56a5bab37d4849e10b7f0f9630ed",
  "spec/functions/camelcase_spec.rb": "1d9ae972915a1c45c8093eda7ea8a1fe",
  "spec/functions/capitalize_spec.rb": "8d7ed6e2c3a338b17a09e6c891c1215c",
  "spec/functions/ceiling_spec.rb": "dbda35bf0b2aaffb87ba533454004569",
  "spec/functions/chomp_spec.rb": "5883602173019b8237aed1624bd40170",
  "spec/functions/chop_spec.rb": "3e293af75bdc7f72655eadcd9920c95f",
  "spec/functions/clamp_spec.rb": "8094bc19ff0fe82dfd0a072b654bf318",
  "spec/functions/concat_spec.rb": "d103f894bdb4a2054b17cb0185a033a1",
  "spec/functions/convert_base_spec.rb": "534bd90106b2c58f736b897974c5a10a",
  "spec/functions/count_spec.rb": "55a6ead532b31f2ccfcc7fb7126e34d7",
  "spec/functions/deep_merge_spec.rb": "134d802b7d39e6523e3a622d2718ec12",
  "spec/functions/defined_with_params_spec.rb": "b24e3fd629b4d52f1abd1b13f715a9a7",
  "spec/functions/delete_at_spec.rb": "2a373b50759ef60b3abc569bca50537c",
  "spec/functions/delete_regex_spec.rb": "5b6cf5e6d94da0d00fd612f4558fc426",
  "spec/functions/delete_spec.rb": "0cee161af26c8dc4165bf0cfea09ce85",
  "spec/functions/delete_undef_values_spec.rb": "00ca6e3d2c838b6b12263268c698e0ce",
  "spec/functions/delete_values_spec.rb": "41003ea949782329513763df34861264",
  "spec/functions/deprecation_spec.rb": "58094a18d86c44c6caf4cf29863880aa",
  "spec/functions/difference_spec.rb": "bb86ac651f85148184a04248e21b3073",
  "spec/functions/dig44_spec.rb": "1d8a681607f745e41499ce87d6ef00f0",
  "spec/functions/dig_spec.rb": "74f65f4c4f237d9bc122abf5fd862b6b",
  "spec/functions/dirname_spec.rb": "39b1fbb7cfd05881e21beaf81b667ec4",
  "spec/functions/dos2unix_spec.rb": "f7f10a39d4d4d42bef7a1bc99d97ea1c",
  "spec/functions/downcase_spec.rb": "2a5970a27352ebee3bae7b28bb4edacb",
  "spec/functions/empty_spec.rb": "5b10598d2782eb25b10e4dd9e186aca0",
  "spec/functions/ensure_packages_spec.rb": "c19f725196a6aee508c25c9c0e1468f4",
  "spec/functions/ensure_resource_spec.rb": "de9dc96ceefe684e7c785f385136b44a",
  "spec/functions/ensure_resources_spec.rb": "d8e93e55de05ddb1fce5c242ab21b0a7",
  "spec/functions/flatten_spec.rb": "8e5fc1ec2c63778e41fda8a86603826b",
  "spec/functions/floor_spec.rb": "68fdcf9ab8596a83ee00b83e52b2889b",
  "spec/functions/fqdn_rand_string_spec.rb": "136cf6e77e02b42d79c0e5766779d5d4",
  "spec/functions/fqdn_rotate_spec.rb": "792ada483512e4d60a3937fd1c8f788f",
  "spec/functions/fqdn_uuid_spec.rb": "60526a453f556867b369496ca1215a86",
  "spec/functions/get_module_path_spec.rb": "7c3aa0236a71a77e12698ef7988bec38",
  "spec/functions/getparam_spec.rb": "807694642f3ebdfafca4c8f0eca4c062",
  "spec/functions/getvar_spec.rb": "327fc59ca02525d9a6d266957461c32f",
  "spec/functions/glob_spec.rb": "537139a45aa1acfb605aa0cb6b598b73",
  "spec/functions/grep_spec.rb": "c79409710df9272306ac1211668dd85f",
  "spec/functions/has_interface_with_spec.rb": "d484da75727170eb3ff22bbc71394fd1",
  "spec/functions/has_ip_address_spec.rb": "811d63a9c87a1de43a18d07c8ee5a796",
  "spec/functions/has_ip_network_spec.rb": "9ec0c0c607a60d2dde3a66fc969e4478",
  "spec/functions/has_key_spec.rb": "d4d97da7d35a794e72d1bbc5e0a4838f",
  "spec/functions/hash_spec.rb": "cd394a2a67891c1b8d8666d71ee8ede2",
  "spec/functions/intersection_spec.rb": "be5f4ab66e9f8567b93c368acb5dbf7c",
  "spec/functions/is_a_spec.rb": "e657f393cc3572883aa2ab872840f4bf",
  "spec/functions/is_array_spec.rb": "aa5f9f75714c267f1ea0463412f24285",
  "spec/functions/is_bool_spec.rb": "46ed9e2d70f68db12799918d88d2d804",
  "spec/functions/is_domain_name_spec.rb": "0e2cf9c9410827484ee3652591757faf",
  "spec/functions/is_email_address_spec.rb": "f3e60f28e9d66d7707a434a8edc79900",
  "spec/functions/is_float_spec.rb": "a89f4bbc747ce7117c6899d8e5e75e83",
  "spec/functions/is_function_available_spec.rb": "0f46d970fca74c87dbcbbaa588b6dc37",
  "spec/functions/is_hash_spec.rb": "cec4b5638ea3f871350a055cee98ea11",
  "spec/functions/is_integer_spec.rb": "aa78c5487a22744feccc74ad1ad7f211",
  "spec/functions/is_ip_address_spec.rb": "c175629e894671b57ed97f76d7ee495c",
  "spec/functions/is_ipv4_address_spec.rb": "c10a82ce2b0987cba45916f442759d8c",
  "spec/functions/is_ipv6_address_spec.rb": "f33842262d74f6fa6ac459f980938ecf",
  "spec/functions/is_mac_address_spec.rb": "80b7d3346f1b4b487f5f88257fe33bc4",
  "spec/functions/is_numeric_spec.rb": "e3e3c3541c794d74ae1775ca5996e47d",
  "spec/functions/is_string_spec.rb": "1b1fd9c63def53fcb519a04952057aa0",
  "spec/functions/join_keys_to_values_spec.rb": "5b8d4704d1e3aee0a8b9738d1324f7f3",
  "spec/functions/join_spec.rb": "73b5cde490bf58e28b76d839cd6ef1c7",
  "spec/functions/keys_spec.rb": "921f060f4b6e0e754f4ff72204e2381e",
  "spec/functions/length_spec.rb": "bd88fd83eb41377f554b1197210674ca",
  "spec/functions/load_module_metadata_spec.rb": "fcd21ec96196921526179de3fa5de95d",
  "spec/functions/loadjson_spec.rb": "4d24fcd02c823ea02eb56e96b223038e",
  "spec/functions/loadyaml_spec.rb": "b85e7f0425df94bb3356db2e52530d79",
  "spec/functions/lstrip_spec.rb": "7a6e82653fe4087615bb29e4d8818008",
  "spec/functions/max_spec.rb": "e12bc75395d63b5c15c830291d2f8afe",
  "spec/functions/member_spec.rb": "43c3c315d44b793a0da3ed80820d386f",
  "spec/functions/merge_spec.rb": "48761dac5afc99bd381f76f88927cdb0",
  "spec/functions/min_spec.rb": "44df74b50984cc4efedca7ac9adeef91",
  "spec/functions/num2bool_spec.rb": "fe3c3dbec9787622850175db510fe4f0",
  "spec/functions/parsejson_spec.rb": "2f626614bba7f123fc0704878cad731a",
  "spec/functions/parseyaml_spec.rb": "1e41204590f35d1cc127efcbdaa8321f",
  "spec/functions/pick_default_spec.rb": "9c8337fb7dd83df40d01c5977d62b4a7",
  "spec/functions/pick_spec.rb": "856384e60757e1d94ca3aef161be3d0a",
  "spec/functions/prefix_spec.rb": "a4d28e657d42a42e06f7bcaf1bba1c08",
  "spec/functions/private_spec.rb": "689c5821596afd859de6312e8ffb1fea",
  "spec/functions/pw_hash_spec.rb": "d9bdce271d38ce6ec1d8258e807a7c67",
  "spec/functions/range_spec.rb": "9d38e84765c4fbd8351211741b493b01",
  "spec/functions/regexpescape_spec.rb": "80a497405be58e82e849cfb3784dbfd1",
  "spec/functions/reject_spec.rb": "24c6e7597e73bcef62637cf90d994db9",
  "spec/functions/reverse_spec.rb": "19829abf65a041a74097cfeb8f9e821a",
  "spec/functions/round_spec.rb": "62862ca723b0e2406e1ab278b4b8a7a8",
  "spec/functions/rstrip_spec.rb": "240792c366063a1cf82c51615d3f4316",
  "spec/functions/seeded_rand_spec.rb": "9ff38a91d988c51ef70149bb902e3a83",
  "spec/functions/shell_escape_spec.rb": "513534e47818ce650b343985febedf9e",
  "spec/functions/shell_join_spec.rb": "e47a7b81d864933fa3ed8b03f189019e",
  "spec/functions/shell_split_spec.rb": "ea446ddf08763b98ca794d4aaf9878ee",
  "spec/functions/shuffle_spec.rb": "f0415952345da7d4464512728f35e52f",
  "spec/functions/size_spec.rb": "d3aa74419efba6ec5c4b50ccbd45bf88",
  "spec/functions/sort_spec.rb": "ae131f00aa9ce2a576243f997e0f12b2",
  "spec/functions/sprintf_hash_spec.rb": "1b014e8c0a44b935ec0c045e275ad6b3",
  "spec/functions/squeeze_spec.rb": "3d01142c11d5e7e7e841c23e9a37e458",
  "spec/functions/str2bool_spec.rb": "d099ca74f02ac231f699e59d7a41bafb",
  "spec/functions/str2saltedsha512_spec.rb": "815dfb2f7c65f81769c117129e45bf85",
  "spec/functions/strftime_spec.rb": "e4ff0163ab707966186d7941b0e5f18d",
  "spec/functions/strip_spec.rb": "c439a03137befdff8dd0ef483bf1ef2c",
  "spec/functions/suffix_spec.rb": "dac301a98ed47f85c62293ca968066ff",
  "spec/functions/swapcase_spec.rb": "53e01155bd14271641dc954b02bc06e6",
  "spec/functions/time_spec.rb": "eaf3f48601278bb250659b05022a2a44",
  "spec/functions/to_bytes_spec.rb": "dbc093a1a72429a0a67e784ecabc100a",
  "spec/functions/to_json_pretty_spec.rb": "318892fb8ae3fba91ea3a3f41d563c54",
  "spec/functions/to_json_spec.rb": "e4fbcd70fb3e0b6890337b6eec51f1f0",
  "spec/functions/to_yaml_spec.rb": "b151fd564e9f7e8b35b69c6ae46948e1",
  "spec/functions/try_get_value_spec.rb": "53ab2e553ae441821ad02be3c952a34a",
  "spec/functions/type3x_spec.rb": "cd85e50dda33d32fb90f08eafb29efd7",
  "spec/functions/type_of_spec.rb": "ecfeb9d47e54f5aae421f7855853d47a",
  "spec/functions/type_spec.rb": "3a7a71aed638cacfc3d22573cf66ced6",
  "spec/functions/union_spec.rb": "237517b051eddffd7afc020eeb53c7a1",
  "spec/functions/unique_spec.rb": "27af15518c2bc4f6dc3009d563d25144",
  "spec/functions/unix2dos_spec.rb": "77e6d0e7c703576924981038472c8e4e",
  "spec/functions/upcase_spec.rb": "3eb2544373f1c474b334dd9b37ae4818",
  "spec/functions/uriescape_spec.rb": "b88f0575ba928b4f60635de6db77299c",
  "spec/functions/validate_absolute_path_spec.rb": "09470e989ed56866d380e1fb1e2d81f2",
  "spec/functions/validate_array_spec.rb": "814b2e7f39ed83d5ff0b822c32462a47",
  "spec/functions/validate_augeas_spec.rb": "4bf035ec4548a00d42f73643374d6f58",
  "spec/functions/validate_bool_spec.rb": "0c486955f041d86356d41f86ea0c6bd4",
  "spec/functions/validate_cmd_spec.rb": "179e570e9aec94c5dcaf337a6b431d20",
  "spec/functions/validate_domain_name_spec.rb": "611f3b301003d11a6a55e293dc3a8e5c",
  "spec/functions/validate_email_address_spec.rb": "8bac32b793f1e4264ae32df975d4d893",
  "spec/functions/validate_hash_spec.rb": "09e78289eac14bdc3389620a4dfc3c8d",
  "spec/functions/validate_integer_spec.rb": "a82914e1813c10b0ffa432ccf44ef781",
  "spec/functions/validate_ip_address_spec.rb": "fe5c58a23295a00c55637ee3dcb6470f",
  "spec/functions/validate_ipv4_address_spec.rb": "b8b6ff3ab6dc9360635f6b3a4d2aaaec",
  "spec/functions/validate_ipv6_address_spec.rb": "1ebc18a929b989eb4591260a75edb5de",
  "spec/functions/validate_legacy_spec.rb": "2d93df10c72ec5dde1e6618c02e78d40",
  "spec/functions/validate_numeric_spec.rb": "ace0a1f0d69c78ced85a02900e6d0f73",
  "spec/functions/validate_re_spec.rb": "19e0f2589d5a48559efa61cfe308ef1b",
  "spec/functions/validate_slength_spec.rb": "d0e2b4c6ca7050a39f02c1a3005dcb5f",
  "spec/functions/validate_string_spec.rb": "7591075ba74d9d69145497ff0ba040ff",
  "spec/functions/validate_x509_rsa_key_pair_spec.rb": "5d3260fcd331122fc3fb056fe8da5acf",
  "spec/functions/values_at_spec.rb": "a434a3361626dfcab7adfc92a5a1ea4e",
  "spec/functions/values_spec.rb": "c55dd25c91a51942dddc7dcffb74d022",
  "spec/functions/zip_spec.rb": "163a0f62553252a8ef8adc9fc44a3568",
  "spec/monkey_patches/alias_should_to_must.rb": "52ce6baeefea70b66c80cfdc5dfafddc",
  "spec/monkey_patches/publicize_methods.rb": "d2ae9210754b0a4eae0d6bf33737fe90",
  "spec/spec_helper.rb": "6a8493cc89df06740a1f7ed364aed66c",
  "spec/spec_helper_acceptance.rb": "90ed03c8192a0711a4979af8c6bdc1f9",
  "spec/spec_helper_local.rb": "5644c5ce611a9e131cf37106e2a8b841",
  "spec/support/shared_data.rb": "dfe4cbdbe2833d670a89bcdf3163839b",
  "spec/type_aliases/absolute_path_spec.rb": "5bdfe834183c06b06a406ac4c8a20622",
  "spec/type_aliases/array_spec.rb": "5a7a5be96ccb1347a5a806ef436064e6",
  "spec/type_aliases/base32_spec.rb": "3d4394fb10e0cc58f5ed6b11a00cdffc",
  "spec/type_aliases/base64_spec.rb": "383aa3be600b38a3a7de1e488056262e",
  "spec/type_aliases/bool_spec.rb": "798d1fb0b43cdc7c560ba8b61fb742e6",
  "spec/type_aliases/compat__ip_address.rb": "7ee3a1f901e33a5a72632cd390629450",
  "spec/type_aliases/compat__ipv4_spec.rb": "d091b3dcd1fc3a30fe080d9b53a69014",
  "spec/type_aliases/compat__ipv6_spec.rb": "08005590462f404047995ec86a80e85c",
  "spec/type_aliases/filemode_spec.rb": "81b7a8687b9bcf1ddaf5667d95498f19",
  "spec/type_aliases/filesource_spec.rb": "4b72052c22274c568849c2138b6b44ab",
  "spec/type_aliases/float_spec.rb": "e566885fdf22399a54450022bfbfd31a",
  "spec/type_aliases/fqdn_spec.rb": "cc343ee15ae50af90a2a6faa41864111",
  "spec/type_aliases/hash_spec.rb": "1b8c49a76db8b5ef44f0f0a8e56c5eb3",
  "spec/type_aliases/host_spec.rb": "418b672c12248267e3aa810b8e9a3832",
  "spec/type_aliases/httpsurl_spec.rb": "a0aff170decf6659dd5d253f06459ae0",
  "spec/type_aliases/httpurl_spec.rb": "64e610fd2369f9579d72879ea80634f9",
  "spec/type_aliases/integer_spec.rb": "8f66ae64602543d65e4b784527bf1463",
  "spec/type_aliases/ip_address.rb": "064acb87912cb36c8fc0a1f3b5441eef",
  "spec/type_aliases/ip_address_nosubnet_spec.rb": "9d196b9b9522a91ac2bc3a67ccd02d5f",
  "spec/type_aliases/ip_address_spec.rb": "ae9c24b0ee7d77b967b93ffb13fb67bb",
  "spec/type_aliases/ip_address_v4_nosubnet_spec.rb": "c30a31b7bcb92eed728be5fef7b45724",
  "spec/type_aliases/ip_address_v4_spec.rb": "0aacb3967d4ca3a7f8bc3a17e93f141f",
  "spec/type_aliases/ip_address_v6_alternative_spec.rb": "17da75c696f406ffbd4829a13828fcc5",
  "spec/type_aliases/ip_address_v6_compressed_spec.rb": "508f6e102bbc3c7af4bd24df5e640f40",
  "spec/type_aliases/ip_address_v6_full_spec.rb": "35ff79b1855e77ffff7c38599cfafaa2",
  "spec/type_aliases/ip_address_v6_nosubnet_alternative_spec.rb": "020fc117a134398818910b41a76094aa",
  "spec/type_aliases/ip_address_v6_nosubnet_compressed_spec.rb": "f97969e6cdae00e5a1ffbbd71ba7e08e",
  "spec/type_aliases/ip_address_v6_nosubnet_full_spec.rb": "c5fad1a8e5fee0cfac3ee9f1b5083804",
  "spec/type_aliases/ip_address_v6_spec.rb": "74a4c54bf8fffc4ebc3e33c12b085640",
  "spec/type_aliases/ipv4_spec.rb": "7bb8f191690fb67806be4c8349872a3e",
  "spec/type_aliases/ipv6_spec.rb": "8343f83b863e73348969d0f790a6fb6b",
  "spec/type_aliases/numeric_spec.rb": "06ae28964dfad6ca60ac59468c33104b",
  "spec/type_aliases/port__privileged_spec.rb": "531e8567e3251548324088e1cdac29d6",
  "spec/type_aliases/port__unprivileged_spec.rb": "ec5aa19f8bfb62307617c0e9b002475d",
  "spec/type_aliases/port_spec.rb": "6fff6e2cfc7b91e49b6dd169629f8a53",
  "spec/type_aliases/string_spec.rb": "458ac453f5870066824b6a11ec49f9ae",
  "spec/type_aliases/unixpath_spec.rb": "015ad5050bcbe3b9b633e13525412e48",
  "spec/type_aliases/windowspath_spec.rb": "946275f885194c3f2fde07b66aa46f4a",
  "spec/unit/facter/facter_dot_d_spec.rb": "01bd42a343214521b2dc340457f21e5d",
  "spec/unit/facter/package_provider_spec.rb": "ce3015059cc3b8db3a8129563d08cf40",
  "spec/unit/facter/pe_version_spec.rb": "8cd3ea8ee24a1fa1c64e27dac0ca7fc7",
  "spec/unit/facter/root_home_spec.rb": "18f770e2105fbcb634c1a0501f0d2778",
  "spec/unit/facter/service_provider_spec.rb": "19072e8955ba2f3ef64d452c574354c5",
  "spec/unit/facter/util/puppet_settings_spec.rb": "d6c856b8da6e1ca4bcf377f4f7c2568e",
  "spec/unit/puppet/parser/functions/enclose_ipv6_spec.rb": "660badf5fdca469a98e8e2359d6a2825",
  "spec/unit/puppet/parser/functions/is_absolute_path_spec.rb": "258f55b8c9563bad0aaa9e98df4d6fc6",
  "spec/unit/puppet/provider/file_line/ruby_spec.rb": "f5aca0856046c760832822816c44c705",
  "spec/unit/puppet/provider/file_line/ruby_spec_alter.rb": "afa3589fb59f743bb8c2242c294951b2",
  "spec/unit/puppet/provider/file_line/ruby_spec_use_cases.rb": "13d2c5198ca879f29d70ca230288b1e8",
  "spec/unit/puppet/type/anchor_spec.rb": "5f67ab4f4a0cfc40cd2fcdb3f148f026",
  "spec/unit/puppet/type/file_line_spec.rb": "92c3ac78210f730fc2135e012ded86bb",
  "types/absolutepath.pp": "3ae6f48dd95835df87c5dacea13c88d2",
  "types/base32.pp": "c1e7d9939641c49af90b07043a52112e",
  "types/base64.pp": "6e61a5c608ab2147fdf295f97b1052c9",
  "types/compat/absolute_path.pp": "c500d00e471fa7684abce8c67e2a0a3e",
  "types/compat/array.pp": "43c41022dd743d55c8e9e82ce3ed741c",
  "types/compat/bool.pp": "6e0cd7b2a7e1b9efaa0e273937211e58",
  "types/compat/float.pp": "fd134a0e0e1abd420cec2107780a7afa",
  "types/compat/hash.pp": "3535d98f0f3eaec44d443190f258e9ba",
  "types/compat/integer.pp": "d73ad743def0a4e754cbf2e82d5c6b5d",
  "types/compat/ip_address.pp": "d42c7435de30a469a71b69c45d642da7",
  "types/compat/ipv4.pp": "962713ea8483c01f2188f87fac1fefa8",
  "types/compat/ipv6.pp": "bc2c5d46bb49c5180c70c64a8a9ee6ea",
  "types/compat/numeric.pp": "b9543932cda152dfc2cb7fb554a307f7",
  "types/compat/re.pp": "70b05d4697e61f9af0c212ba063f395d",
  "types/compat/string.pp": "b9a179664c85e121aa0277021627d126",
  "types/ensure/service.pp": "efa28f903420bb9555910c27a9b810e8",
  "types/filemode.pp": "1776107a2f48cb22131e61f4aaf93750",
  "types/filesource.pp": "ca652b33c6848e2a6231279fe7cc58d0",
  "types/fqdn.pp": "f6fb6bf625dab3bd0ab63a1ff7983fb8",
  "types/host.pp": "69260768a909759bdc31aeaae58d449e",
  "types/httpsurl.pp": "108225d0273e17d541b239882287ed15",
  "types/httpurl.pp": "4ba64825b11af75997c59b5acf07c62d",
  "types/ip/address/nosubnet.pp": "e7c5a338634dfd0eea60cf36092f3fd8",
  "types/ip/address/v4/cidr.pp": "2f6f69e74d16f08f3e80e2ca3f3dd413",
  "types/ip/address/v4/nosubnet.pp": "9590ebd639bc47fd25288d32dee5405d",
  "types/ip/address/v4.pp": "18165fd02c81c08dff234f83d50662a0",
  "types/ip/address/v6/alternative.pp": "9e82ba1516dc28cab9707066780ca512",
  "types/ip/address/v6/compressed.pp": "f4d8102d586347ba093a2793271460c5",
  "types/ip/address/v6/full.pp": "0492b9081ca01bfff8a3d3f07df5c41c",
  "types/ip/address/v6/nosubnet/alternative.pp": "b9a6cd5a4c2a2e8013022fd4cfd11a3e",
  "types/ip/address/v6/nosubnet/compressed.pp": "ca2f53bcc3f659d994a6e0d3fe17861e",
  "types/ip/address/v6/nosubnet/full.pp": "5fa0bb70ed3e72ac52738ba182f22c1c",
  "types/ip/address/v6/nosubnet.pp": "612651452cd225ade84fe31750d02903",
  "types/ip/address/v6.pp": "1f3c0aa34dbc083d26f135246c8576eb",
  "types/ip/address.pp": "9929a758afc9469acbcff0c2050bb0ab",
  "types/ip_address.pp": "fdede88de3e8322ed265baf0a0e4229e",
  "types/ipv4.pp": "495e86194de9d4e3c17a0abc195bec91",
  "types/ipv6.pp": "bec72ad7b5e56ab34b93c61b2e1871a9",
  "types/mac.pp": "b6b9a7148111578052bdb34e7ef0ce19",
  "types/port/privileged.pp": "c4ce776dd07a3c8dd3379db8cd49e32a",
  "types/port/unprivileged.pp": "85359128fa9261fe8bf58c8525574404",
  "types/port.pp": "b1edd08c4eff860b3ea8bd84cd48ba81",
  "types/unixpath.pp": "b64a48701e7adfda45d31fd80bee4ad0",
  "types/windowspath.pp": "4c1eda331ecb43de98c29ed22d0ad448"
}