<?xml version="1.0" encoding="UTF-8"?>

<jcr:root xmlns:sling="http://sling.apache.org/jcr/sling/1.0"
          xmlns:cq="http://www.day.com/jcr/cq/1.0"
          xmlns:jcr="http://www.jcp.org/jcr/1.0"
          xmlns:granite="http://www.adobe.com/jcr/granite/1.0"
          jcr:primaryType="cq:Page">
    <createconfiguration />
    <jcr:content jcr:primaryType="cq:PageContent"
                 consoleId="cq-cif-configurations"
                 contentPath="${requestInfo.suffix}"
                 currentView="${state['config-reactor.shell.collectionpage.layoutid'].string}"
                 jcr:title="AEM | CIF Configurations"
                 modeGroup="cq-confadmin-admin-childpages"
                 pageURITemplate="/libs/commerce/gui/content/configuration.html{+id}"
                 sling:resourceType="granite/ui/components/shell/collectionpage"
                 targetCollection=".cq-confadmin-admin-childpages">
        <head jcr:primaryType="nt:unstructured">
            <clientlibs jcr:primaryType="nt:unstructured"
                        categories="[cq.common.wcm, cq.sites.collectionpage,commerce.gui.admin.configconsole,granite.conf.ui.browser]"
                        sling:resourceType="granite/ui/components/coral/foundation/includeclientlibs"/>
        </head>
        <views jcr:primaryType="nt:unstructured">
            <column jcr:primaryType="nt:unstructured"
                    granite:rel="cq-confadmin-admin-childpages"
                    icon="viewColumn"
                    jcr:title="Column View"
                    limit="40"
                    loadAncestors="{Boolean}true"
                    modeGroup="cq-confadmin-admin-childpages"
                    path="${requestPathInfo.suffix}"
                    previewSrc="/mnt/overlay/commerce/gui/content/configuration/columnpreview.html{+id}"
                    rootPath="/conf"
                    size="${empty requestPathInfo.selectors[1] ? 40 : requestPathInfo.selectors[1]}"
                    sling:resourceType="granite/ui/components/coral/foundation/columnview"
                    src="/mnt/overlay/commerce/gui/content/configuration/jcr:content/views/column{.offset.limit}.html{+id}">
                <granite:data jcr:primaryType="nt:unstructured"
                              allowedResourceTypes="[commerce/gui/components/configuration/page]"/>
                <datasource jcr:primaryType="nt:unstructured"
                            itemResourceType="commerce/gui/components/configuration/columnviewitem"
                            limit="${empty requestPathInfo.selectors[1] ? 41 : requestPathInfo.selectors[1] + 1}"
                            offset="${requestPathInfo.selectors[0]}"
                            path="${requestPathInfo.suffix}"
                            sling:resourceType="cq/cloudconfig/components/admin/datasources/configurations"/>
            </column>
        </views>
        <breadcrumbs jcr:primaryType="nt:unstructured"
                     rootPath="/conf"
                     rootTitle="CIF Configurations"
                     sling:resourceType="cq/cloudconfig/components/admin/datasources/breadcrumbs"/>
        <actions jcr:primaryType="nt:unstructured">
            <primary jcr:primaryType="nt:unstructured"/>
            <secondary jcr:primaryType="nt:unstructured">
                <create
                    jcr:primaryType="nt:unstructured"
                    sling:resourceType="granite/ui/components/coral/foundation/pulldown"
                    granite:rel="cq-confadmin-actions-create-folder-activator"
                    granite:class="cq-confadmin-actions-create-pulldown-activator cif-create-pulldown"
                    text="Create"
                    variant="primary">
                    <items jcr:primaryType="nt:unstructured">
                        <createFolder jcr:primaryType="nt:unstructured"
                            granite:rel="cq-confadmin-actions-create-folder-activator"
                            granite:class="cq-confadmin-actions-create-folder-activator cif-create-folder"
                            sling:resourceType="granite/ui/components/coral/foundation/collection/actionlink"
                            relScope="collection"
                            ignoreRel="{Boolean}false"
                            action="create.conf.action"
                            target=".cq-confadmin-admin-childpages"
                            text="Configuration Folder"
                            variant="primary">
                        </createFolder>
                        <createConfig jcr:primaryType="nt:unstructured"
                            granite:class="cq-confadmin-actions-create-config-activator cif-create-config"
                            relScope="collection"
                            sling:resourceType="granite/ui/components/coral/foundation/collection/actionlink"
                            action="foundation.link"
                            target=".cq-confadmin-admin-childpages"
                            text="Commerce Configuration"
                            variant="primary">
                            <data jcr:primaryType="nt:unstructured"
                                  href.uritemplate="/mnt/overlay/commerce/gui/content/configuration/createconfiguration.html{+id}"/>
                        </createConfig>
                    </items>
                </create>
            </secondary>
            <selection jcr:primaryType="nt:unstructured">
                <viewproperties jcr:primaryType="nt:unstructured"
                                action="foundation.link"
                                activeSelectionCount="single"
                                granite:class="cq-confadmin-actions-properties-activator"
                                icon="infoCircle"
                                sling:resourceType="granite/ui/components/coral/foundation/collection/action"
                                target=".cq-confadmin-admin-childpages"
                                text="Properties"
                                variant="actionBar">
                    <data jcr:primaryType="nt:unstructured"
                          href.uritemplate="/mnt/overlay/wcm/core/content/sites/properties.html{?item*}"/>
                </viewproperties>
                <publish
                        jcr:primaryType="nt:unstructured"
                        granite:rel="cq-confadmin-actions-publish-activator"
                        sling:resourceType="granite/ui/components/coral/foundation/collection/action"
                        action="cq.wcm.publish"
                        relScope="item"
                        activeSelectionCount="multiple"
                        ignoreRel="{Boolean}false"
                        target=".cq-confadmin-admin-childpages"
                        icon="globe"
                        text="Publish"
                        variant="actionBar">
                    <data
                            jcr:primaryType="nt:unstructured"
                            referenceSrc.url="/libs/wcm/core/content/reference.json?_charset_=utf-8{&amp;path*}"
                            wizardSrc.uritemplate="/mnt/overlay/wcm/core/content/sites/publishpagewizard.html?_charset_=utf-8{&amp;item*}"/>
                </publish>
                <unpublish
                        jcr:primaryType="nt:unstructured"
                        granite:rel="cq-confadmin-actions-unpublish-activator"
                        sling:resourceType="granite/ui/components/coral/foundation/collection/action"
                        action="cq.wcm.unpublish"
                        activeSelectionCount="multiple"
                        ignoreRel="{Boolean}false"
                        relScope="item"
                        target=".cq-confadmin-admin-childpages"
                        icon="globeStrike"
                        text="Unpublish"
                        variant="actionBar">
                    <data
                            jcr:primaryType="nt:unstructured"
                            referenceSrc.url="/bin/wcm/references.json?_charset_=utf-8{&amp;path*}"/>
                </unpublish>
                <delete jcr:primaryType="nt:unstructured"
                        activeSelectionCount="multiple"
                        granite:rel="cq-confadmin-actions-delete-activator"
                        icon="delete"
                        sling:resourceType="granite/ui/components/coral/foundation/collection/action"
                        target=".cq-confadmin-admin-childpages"
                        text="Delete"
                        variant="actionBar"
                        action="cq.wcm.commerce.configuration.delete"/>
            </selection>

        </actions>
        <footer
                jcr:primaryType="nt:unstructured"
                sling:resourceType="granite/ui/components/coral/foundation/container">
            <items jcr:primaryType="nt:unstructured">
                <configParent jcr:primaryType="nt:unstructured"
                              granite:id="view-configs-suffix"
                              sling:resourceType="granite/ui/components/coral/foundation/form/hidden"
                              value="${requestPathInfo.suffix}"/>
                <createConfigurationDialog
                        granite:id="create-config-dialog"
                        jcr:primaryType="nt:unstructured"
                        jcr:title="Create Configuration Folder"
                        sling:resourceType="granite/ui/components/coral/foundation/dialog">
                    <items jcr:primaryType="nt:unstructured">
                        <createConfigurationForm
                                granite:id="create-config-form"
                                jcr:primaryType="nt:unstructured"
                                sling:resourceType="granite/ui/components/coral/foundation/form"
                                autosubmitForm="{Boolean}false"
                                action="${granite:encodeURIPath(requestPathInfo.suffix)}.createconf.json"
                                style="vertical">
                            <items jcr:primaryType="nt:unstructured">
                                <title jcr:primaryType="nt:unstructured"
                                       sling:resourceType="granite/ui/components/coral/foundation/form/textfield"
                                       fieldLabel="Title"
                                       required="{Boolean}true"
                                       name="configTitle"/>
                                <capabilities jcr:primaryType="nt:unstructured"
                                      sling:resourceType="granite/ui/components/coral/foundation/form/hidden"
                                      name="configCapabilities"
                                      value="Cloud Configurations"/>
                                <configParent
                                        jcr:primaryType="nt:unstructured"
                                        sling:resourceType="granite/ui/components/coral/foundation/form/hidden"
                                        name="configParent"/>
                                <charset jcr:primaryType="nt:unstructured"
                                         sling:resourceType="granite/ui/components/coral/foundation/form/hidden"
                                         name="_charset_"
                                         value="utf-8"/>
                            </items>
                        </createConfigurationForm>
                    </items>
                    <footer jcr:primaryType="nt:unstructured">
                        <cancel
                                jcr:primaryType="nt:unstructured"
                                sling:resourceType="granite/ui/components/coral/foundation/button"
                                text="Cancel">
                            <parentConfig
                                    jcr:primaryType="nt:unstructured"
                                    close="{Boolean}true"/>
                        </cancel>
                        <ok
                                granite:id="create-configuration-button-confirm"
                                jcr:primaryType="nt:unstructured"
                                sling:resourceType="granite/ui/components/coral/foundation/button"
                                text="Create"
                                disabled="{Boolean}true"
                                variant="primary"/>
                    </footer>
                </createConfigurationDialog>
            </items>
        </footer>
    </jcr:content>
    <columnpreview jcr:primaryType="nt:unstructured"
                   path="${requestPathInfo.suffix}"
                   sling:resourceType="commerce/gui/components/configuration/columnpreview"/>
</jcr:root>