{
  "collectCoverageFrom": [
    "src/**/*.{js,jsx,ts,tsx}",
    "!src/**/index.ts",
    "!src/**/registry.tsx",
    "!src/**/*.dialog.ts",
    "!src/**/*.dialogDISABLED.ts",
    "!src/**/*_dialog.ts",
    "!src/**/ssr.jsx",
    "!src/**/ssrMock.js",
    "!src/**/appRegistry.js",
    "!src/**/commons.ts",
    "!src/**/commons.dialogues.ts",
    "!src/**/*.model.ts",
    "!src/**/SimpleSlider.ts",
    "!src/AuthorClientLibs/javascript/*.ts"
  ],
  "setupFiles": [
    "<rootDir>/config/polyfills.js"
  ],
  "testMatch": [
    "**/src/**/*.spec.(ts|tsx|js)"
  ],
  "setupTestFrameworkScriptFile": "<rootDir>/jest.setup.js",
  "testEnvironment": "node",
  "testURL": "http://localhost",
  "transform": {
    "^.+\\.css$": "<rootDir>/config/jest/cssTransform.js",
    "^.+\\.tsx?$": "<rootDir>/config/jest/typescriptTransform.js",
    "^(?!.*\\.(js|jsx|css|json)$)": "<rootDir>/config/jest/fileTransform.js"
  },
  "transformIgnorePatterns": [
    "[/\\\\]node_modules[/\\\\].+\\.(js|jsx|ts|tsx)$"
  ],
  "moduleNameMapper": {
    "^react-native$": "react-native-web"
  },
  "moduleFileExtensions": [
    "web.ts",
    "ts",
    "web.tsx",
    "tsx",
    "web.js",
    "js",
    "web.jsx",
    "jsx",
    "json",
    "node"
  ],
  "globals": {
    "ts-jest": {
      "tsConfig": "tsconfig.test.json"
    }
  },
  "coverageThreshold": {
    "global": {
      "branches": 70,
      "functions": 70,
      "lines": 70,
      "statements": 70
    }
  }
}