<?xml version="1.0" encoding="UTF-8"?>
<jcr:root xmlns:sling="http://sling.apache.org/jcr/sling/1.0"
          xmlns:cq="http://www.day.com/jcr/cq/1.0"
          xmlns:jcr="http://www.jcp.org/jcr/1.0"
          xmlns:nt="http://www.jcp.org/jcr/nt/1.0"
          xmlns:granite="http://www.adobe.com/jcr/granite/1.0"
          jcr:primaryType="nt:unstructured"
          jcr:title="Commerce Configuration"
          sling:resourceType="cq/gui/components/authoring/dialog"
          extraClientlibs="[commerce.gui.admin.configuration]">
    <content jcr:primaryType="nt:unstructured"
             sling:resourceType="granite/ui/components/coral/foundation/fixedcolumns">
        <items jcr:primaryType="nt:unstructured">
            <column jcr:primaryType="nt:unstructured"
                    sling:resourceType="granite/ui/components/coral/foundation/container">
                <items jcr:primaryType="nt:unstructured">
                    <title jcr:primaryType="nt:unstructured"
                           sling:resourceType="granite/ui/components/coral/foundation/form/hidden"
                           name="./jcr:title"
                           value="Commerce"/>
                    <commerceprovider granite:class="cq-dialog-dropdown-showhide"
                                      granite:id="cq-commerce-products-bindproducttree-provider-select"
                                      jcr:primaryType="nt:unstructured"
                                      sling:resourceType="granite/ui/components/coral/foundation/form/select"
                                      emptyText="Select commerce provider"
                                      fieldDescription="The commerce provider. If this list is empty check the configurations of the CIF Connector Configuration Service "
                                      fieldLabel="Commerce Provider"
                                      name="./cq:catalogDataResourceProviderFactory"
                                      required="{Boolean}true">
                        <datasource jcr:primaryType="nt:unstructured"
                            sling:resourceType="commerce/gui/components/admin/products/bindproducttreewizard/commerceproviderdatasource"/>
                        <granite:data jcr:primaryType="nt:unstructured"
                                      cq-dialog-dropdown-showhide-target=".bindproducttreewizard-customfields"/>
                    </commerceprovider>
                    <catalogidentifier
                            granite:id="cq-commerce-products-bindproducttree-catalog-select"
                            jcr:primaryType="nt:unstructured"
                            sling:resourceType="granite/ui/components/coral/foundation/form/select"
                            disabled="{Boolean}true"
                            emptyText="Select the catalog identifier"
                            fieldLabel="Catalog Identifier"
                            required="{Boolean}true"/>
                    <hiddenCatalogIdentifier granite:id="cq-commerce-products-bindproducttree-catalog-hidden"
                                             jcr:primaryType="nt:unstructured"
                                             sling:resourceType="granite/ui/components/coral/foundation/form/hidden"
                                             name="./cq:catalogIdentifier"
                                             cq:showOnCreate="{Boolean}true"/>
                    <catalogIdentifierDelete jcr:primaryType="nt:unstructured"
                                             sling:resourceType="granite/ui/components/coral/foundation/form/hidden"
                                             name="./cq:catalogIdentifier@Delete"
                                             cq:showOnCreate="{Boolean}true"/>
                    <catalogidentifierdata
                            granite:id="cq-commerce-products-bindproducttree-catalog-select-data"
                            jcr:primaryType="nt:unstructured"
                            sling:resourceType="granite/ui/components/coral/foundation/form/select"
                            disabled="{Boolean}true"
                            required="{Boolean}true">
                        <datasource
                                jcr:primaryType="nt:unstructured"
                                sling:resourceType="commerce/gui/components/admin/products/bindproducttreewizard/catalogidentifierdatasource"/>
                    </catalogidentifierdata>
                    <graphqlclient emptyOption="{Boolean}false"
                                   granite:id="cq-commerce-graphql-client"
                                   jcr:primaryType="nt:unstructured"
                                   sling:resourceType="granite/ui/components/coral/foundation/form/select"
                                   fieldDescription="The GraphQL client instance. If this list is empty check the configurations of the CIF GraphQL Client Configuration service. "
                                   fieldLabel="GraphQL Client"
                                   name="./cq:graphqlClient"
                                   required="{Boolean}true"
                                   cq:showOnCreate="{Boolean}true">
                        <datasource jcr:primaryType="nt:unstructured"
                                    sling:resourceType="core/cif/components/page/v1/datasource/graphqlclients"/>
                        <granite:data jcr:primaryType="nt:unstructured"
                                      cq-msm-lockable="cq:graphqlClient"/>
                    </graphqlclient>
                    <magentoStore jcr:primaryType="nt:unstructured"
                                    sling:resourceType="granite/ui/components/coral/foundation/form/textfield"
                                    fieldLabel="Store View"
                                    fieldDescription="The Store View identifier. If empty, no store view is included in the requests sent to the GraphQL endpoint."
                                    name="./magentoStore"
                                    cq:showOnCreate="{Boolean}true"/>

                    <magentoStoreDelete jcr:primaryType="nt:unstructured"
                                         sling:resourceType="granite/ui/components/coral/foundation/form/hidden"
                                         name="./magentoStore@Delete"
                                         cq:showOnCreate="{Boolean}true"/>

                    <graphqlEndpoint jcr:primaryType="nt:unstructured"
                                     sling:resourceType="granite/ui/components/coral/foundation/form/textfield"
                                     fieldLabel="GraphQL Proxy Path"
                                     fieldDescription="Path of the GraphQL endpoint proxy used by client-side CIF components."
                                     name="./magentoGraphqlEndpoint"
                                     required="{Boolean}true"
                                     value="/magento/graphql"
                                     defaultValue="/magento/graphql"
                                     cq:showOnCreate="{Boolean}true"/>

                    <graphqlEndpointDelete jcr:primaryType="nt:unstructured"
                                           sling:resourceType="granite/ui/components/coral/foundation/form/hidden"
                                           name="./magentoGraphqlEndpoint@Delete"
                                           cq:showOnCreate="{Boolean}true"/>

                    <magentoRootCategoryId jcr:primaryType="nt:unstructured"
                                           sling:resourceType="granite/ui/components/coral/foundation/form/textfield"
                                           name="./magentoRootCategoryId"
                                           fieldLabel="Catalog Root Category Id"
                                           required="{Boolean}true"/>

                    <magentoRootCategoryIdDelete jcr:primaryType="nt:unstructured"
                                                 sling:resourceType="granite/ui/components/coral/foundation/form/hidden"
                                                 name="./magentoRootCategoryId@Delete"
                                                 cq:showOnCreate="{Boolean}true"/>

                    <language
                            granite:class="language"
                            jcr:primaryType="nt:unstructured"
                            sling:resourceType="granite/ui/components/coral/foundation/form/select"
                            emptyText="Select"
                            fieldLabel="Language"
                            name="./jcr:language"
                            cq:showOnCreate="{Boolean}true">
                        <datasource
                                jcr:primaryType="nt:unstructured"
                                sling:resourceType="cq/gui/components/common/datasources/languages"/>
                    </language>
                </items>
            </column>
        </items>
    </content>
</jcr:root>