{
  "sling:resourceType" : "patternlab/components/page",
  "patternsPath" : "/apps/patternlab-demo",
  "jcr:title" : "Pattern Lab For Sling Demo",
  "jcr:description" : "<p class=\"sg-pattern-title\">Hi! Welcome on demo page for Pattern Lab Sling - a tool that enables prototyping base on <i>atomic design</i> methodology straight on your Sling instance. Check more details on <a href=\"https://github.com/deepthinkit/patternlab-for-sling\">this page</a>.<p>",
  "bodyTag" : "<body class=\"main\">",
  "css" : ["/etc/designs/patternlab-demo/clientlib/css/style.css", "/etc/designs/patternlab-demo/clientlib/css/pattern-scaffolding.css"],
  "headerJs" : ["/etc/designs/patternlab-demo/clientlib/js/jquery.min.js"],
  "footerJs" : ["/etc/designs/patternlab-demo/clientlib/js/script.js"]
}